
===========================================================================
report_checks -path_delay max (Setup)
============================================================================
======================= Typical Corner ===================================

Startpoint: _283_ (rising edge-triggered flip-flop clocked by clk)
Endpoint: _288_ (rising edge-triggered flip-flop clocked by clk)
Path Group: clk
Path Type: max

Fanout     Cap    Slew   Delay    Time   Description
-----------------------------------------------------------------------------
                          0.00    0.00   clock clk (rise edge)
                          0.00    0.00   clock source latency
                  0.09    0.06    0.06 ^ clk (in)
     1    0.02                           clk (net)
                  0.09    0.00    0.06 ^ clkbuf_0_clk/A (sky130_fd_sc_hd__clkbuf_16)
                  0.06    0.17    0.23 ^ clkbuf_0_clk/X (sky130_fd_sc_hd__clkbuf_16)
     4    0.04                           clknet_0_clk (net)
                  0.06    0.00    0.23 ^ clkbuf_2_2__f_clk/A (sky130_fd_sc_hd__clkbuf_16)
                  0.05    0.15    0.38 ^ clkbuf_2_2__f_clk/X (sky130_fd_sc_hd__clkbuf_16)
    11    0.03                           clknet_2_2__leaf_clk (net)
                  0.05    0.00    0.38 ^ _283_/CLK (sky130_fd_sc_hd__dfxtp_2)
                  0.11    0.39    0.77 ^ _283_/Q (sky130_fd_sc_hd__dfxtp_2)
     4    0.02                           u_tx.tick_cnt[2] (net)
                  0.11    0.00    0.77 ^ _153_/D (sky130_fd_sc_hd__nand4_4)
                  0.09    0.12    0.89 v _153_/Y (sky130_fd_sc_hd__nand4_4)
     3    0.01                           _055_ (net)
                  0.09    0.00    0.89 v _157_/A (sky130_fd_sc_hd__or3b_4)
                  0.07    0.43    1.32 v _157_/X (sky130_fd_sc_hd__or3b_4)
     2    0.01                           _058_ (net)
                  0.07    0.00    1.32 v _162_/B (sky130_fd_sc_hd__or4b_4)
                  0.09    0.55    1.87 v _162_/X (sky130_fd_sc_hd__or4b_4)
     1    0.01                           _062_ (net)
                  0.09    0.00    1.87 v _163_/A (sky130_fd_sc_hd__buf_6)
                  0.04    0.16    2.02 v _163_/X (sky130_fd_sc_hd__buf_6)
     5    0.03                           _063_ (net)
                  0.04    0.00    2.02 v split1/A (sky130_fd_sc_hd__buf_6)
                  0.04    0.13    2.16 v split1/X (sky130_fd_sc_hd__buf_6)
     4    0.02                           net27 (net)
                  0.04    0.00    2.16 v _229_/S (sky130_fd_sc_hd__mux2_4)
                  0.05    0.30    2.46 v _229_/X (sky130_fd_sc_hd__mux2_4)
     1    0.00                           _107_ (net)
                  0.05    0.00    2.46 v _230_/A1 (sky130_fd_sc_hd__mux2_4)
                  0.05    0.26    2.72 v _230_/X (sky130_fd_sc_hd__mux2_4)
     1    0.00                           _108_ (net)
                  0.05    0.00    2.72 v _231_/A (sky130_fd_sc_hd__clkbuf_1)
                  0.03    0.09    2.81 v _231_/X (sky130_fd_sc_hd__clkbuf_1)
     1    0.00                           _031_ (net)
                  0.03    0.00    2.81 v _288_/D (sky130_fd_sc_hd__dfrtp_1)
                                  2.81   data arrival time

                          2.50    2.50   clock clk (rise edge)
                          0.00    2.50   clock source latency
                  0.09    0.06    2.56 ^ clk (in)
     1    0.02                           clk (net)
                  0.09    0.00    2.56 ^ clkbuf_0_clk/A (sky130_fd_sc_hd__clkbuf_16)
                  0.06    0.15    2.71 ^ clkbuf_0_clk/X (sky130_fd_sc_hd__clkbuf_16)
     4    0.04                           clknet_0_clk (net)
                  0.06    0.00    2.71 ^ clkbuf_2_3__f_clk/A (sky130_fd_sc_hd__clkbuf_16)
                  0.05    0.13    2.84 ^ clkbuf_2_3__f_clk/X (sky130_fd_sc_hd__clkbuf_16)
    10    0.03                           clknet_2_3__leaf_clk (net)
                  0.05    0.00    2.84 ^ _288_/CLK (sky130_fd_sc_hd__dfrtp_1)
                         -0.25    2.59   clock uncertainty
                          0.02    2.61   clock reconvergence pessimism
                         -0.10    2.51   library setup time
                                  2.51   data required time
-----------------------------------------------------------------------------
                                  2.51   data required time
                                 -2.81   data arrival time
-----------------------------------------------------------------------------
                                 -0.30   slack (VIOLATED)


Startpoint: _283_ (rising edge-triggered flip-flop clocked by clk)
Endpoint: _292_ (rising edge-triggered flip-flop clocked by clk)
Path Group: clk
Path Type: max

Fanout     Cap    Slew   Delay    Time   Description
-----------------------------------------------------------------------------
                          0.00    0.00   clock clk (rise edge)
                          0.00    0.00   clock source latency
                  0.09    0.06    0.06 ^ clk (in)
     1    0.02                           clk (net)
                  0.09    0.00    0.06 ^ clkbuf_0_clk/A (sky130_fd_sc_hd__clkbuf_16)
                  0.06    0.17    0.23 ^ clkbuf_0_clk/X (sky130_fd_sc_hd__clkbuf_16)
     4    0.04                           clknet_0_clk (net)
                  0.06    0.00    0.23 ^ clkbuf_2_2__f_clk/A (sky130_fd_sc_hd__clkbuf_16)
                  0.05    0.15    0.38 ^ clkbuf_2_2__f_clk/X (sky130_fd_sc_hd__clkbuf_16)
    11    0.03                           clknet_2_2__leaf_clk (net)
                  0.05    0.00    0.38 ^ _283_/CLK (sky130_fd_sc_hd__dfxtp_2)
                  0.11    0.39    0.77 ^ _283_/Q (sky130_fd_sc_hd__dfxtp_2)
     4    0.02                           u_tx.tick_cnt[2] (net)
                  0.11    0.00    0.77 ^ _153_/D (sky130_fd_sc_hd__nand4_4)
                  0.09    0.12    0.89 v _153_/Y (sky130_fd_sc_hd__nand4_4)
     3    0.01                           _055_ (net)
                  0.09    0.00    0.89 v _157_/A (sky130_fd_sc_hd__or3b_4)
                  0.07    0.43    1.32 v _157_/X (sky130_fd_sc_hd__or3b_4)
     2    0.01                           _058_ (net)
                  0.07    0.00    1.32 v _162_/B (sky130_fd_sc_hd__or4b_4)
                  0.09    0.55    1.87 v _162_/X (sky130_fd_sc_hd__or4b_4)
     1    0.01                           _062_ (net)
                  0.09    0.00    1.87 v _163_/A (sky130_fd_sc_hd__buf_6)
                  0.04    0.16    2.02 v _163_/X (sky130_fd_sc_hd__buf_6)
     5    0.03                           _063_ (net)
                  0.04    0.00    2.02 v split1/A (sky130_fd_sc_hd__buf_6)
                  0.04    0.13    2.16 v split1/X (sky130_fd_sc_hd__buf_6)
     4    0.02                           net27 (net)
                  0.04    0.00    2.16 v _241_/S (sky130_fd_sc_hd__mux2_4)
                  0.05    0.30    2.46 v _241_/X (sky130_fd_sc_hd__mux2_4)
     1    0.00                           _115_ (net)
                  0.05    0.00    2.46 v _242_/A1 (sky130_fd_sc_hd__mux2_4)
                  0.05    0.26    2.72 v _242_/X (sky130_fd_sc_hd__mux2_4)
     1    0.00                           _116_ (net)
                  0.05    0.00    2.72 v _243_/A (sky130_fd_sc_hd__clkbuf_1)
                  0.03    0.09    2.81 v _243_/X (sky130_fd_sc_hd__clkbuf_1)
     1    0.00                           _035_ (net)
                  0.03    0.00    2.81 v _292_/D (sky130_fd_sc_hd__dfrtp_1)
                                  2.81   data arrival time

                          2.50    2.50   clock clk (rise edge)
                          0.00    2.50   clock source latency
                  0.09    0.06    2.56 ^ clk (in)
     1    0.02                           clk (net)
                  0.09    0.00    2.56 ^ clkbuf_0_clk/A (sky130_fd_sc_hd__clkbuf_16)
                  0.06    0.15    2.71 ^ clkbuf_0_clk/X (sky130_fd_sc_hd__clkbuf_16)
     4    0.04                           clknet_0_clk (net)
                  0.06    0.00    2.71 ^ clkbuf_2_1__f_clk/A (sky130_fd_sc_hd__clkbuf_16)
                  0.06    0.14    2.84 ^ clkbuf_2_1__f_clk/X (sky130_fd_sc_hd__clkbuf_16)
    11    0.03                           clknet_2_1__leaf_clk (net)
                  0.06    0.00    2.84 ^ _292_/CLK (sky130_fd_sc_hd__dfrtp_1)
                         -0.25    2.59   clock uncertainty
                          0.02    2.62   clock reconvergence pessimism
                         -0.10    2.51   library setup time
                                  2.51   data required time
-----------------------------------------------------------------------------
                                  2.51   data required time
                                 -2.81   data arrival time
-----------------------------------------------------------------------------
                                 -0.30   slack (VIOLATED)


Startpoint: _283_ (rising edge-triggered flip-flop clocked by clk)
Endpoint: _290_ (rising edge-triggered flip-flop clocked by clk)
Path Group: clk
Path Type: max

Fanout     Cap    Slew   Delay    Time   Description
-----------------------------------------------------------------------------
                          0.00    0.00   clock clk (rise edge)
                          0.00    0.00   clock source latency
                  0.09    0.06    0.06 ^ clk (in)
     1    0.02                           clk (net)
                  0.09    0.00    0.06 ^ clkbuf_0_clk/A (sky130_fd_sc_hd__clkbuf_16)
                  0.06    0.17    0.23 ^ clkbuf_0_clk/X (sky130_fd_sc_hd__clkbuf_16)
     4    0.04                           clknet_0_clk (net)
                  0.06    0.00    0.23 ^ clkbuf_2_2__f_clk/A (sky130_fd_sc_hd__clkbuf_16)
                  0.05    0.15    0.38 ^ clkbuf_2_2__f_clk/X (sky130_fd_sc_hd__clkbuf_16)
    11    0.03                           clknet_2_2__leaf_clk (net)
                  0.05    0.00    0.38 ^ _283_/CLK (sky130_fd_sc_hd__dfxtp_2)
                  0.11    0.39    0.77 ^ _283_/Q (sky130_fd_sc_hd__dfxtp_2)
     4    0.02                           u_tx.tick_cnt[2] (net)
                  0.11    0.00    0.77 ^ _153_/D (sky130_fd_sc_hd__nand4_4)
                  0.09    0.12    0.89 v _153_/Y (sky130_fd_sc_hd__nand4_4)
     3    0.01                           _055_ (net)
                  0.09    0.00    0.89 v _157_/A (sky130_fd_sc_hd__or3b_4)
                  0.07    0.43    1.32 v _157_/X (sky130_fd_sc_hd__or3b_4)
     2    0.01                           _058_ (net)
                  0.07    0.00    1.32 v _162_/B (sky130_fd_sc_hd__or4b_4)
                  0.09    0.55    1.87 v _162_/X (sky130_fd_sc_hd__or4b_4)
     1    0.01                           _062_ (net)
                  0.09    0.00    1.87 v _163_/A (sky130_fd_sc_hd__buf_6)
                  0.04    0.16    2.02 v _163_/X (sky130_fd_sc_hd__buf_6)
     5    0.03                           _063_ (net)
                  0.04    0.00    2.03 v rebuffer2/A (sky130_fd_sc_hd__buf_6)
                  0.02    0.12    2.14 v rebuffer2/X (sky130_fd_sc_hd__buf_6)
     2    0.01                           net28 (net)
                  0.02    0.00    2.14 v _235_/S (sky130_fd_sc_hd__mux2_2)
                  0.05    0.27    2.41 v _235_/X (sky130_fd_sc_hd__mux2_2)
     1    0.00                           _111_ (net)
                  0.05    0.00    2.41 v _236_/A1 (sky130_fd_sc_hd__mux2_4)
                  0.05    0.28    2.69 v _236_/X (sky130_fd_sc_hd__mux2_4)
     1    0.01                           _112_ (net)
                  0.05    0.00    2.69 v _237_/A (sky130_fd_sc_hd__clkbuf_1)
                  0.03    0.10    2.78 v _237_/X (sky130_fd_sc_hd__clkbuf_1)
     1    0.00                           _033_ (net)
                  0.03    0.00    2.78 v _290_/D (sky130_fd_sc_hd__dfrtp_1)
                                  2.78   data arrival time

                          2.50    2.50   clock clk (rise edge)
                          0.00    2.50   clock source latency
                  0.09    0.06    2.56 ^ clk (in)
     1    0.02                           clk (net)
                  0.09    0.00    2.56 ^ clkbuf_0_clk/A (sky130_fd_sc_hd__clkbuf_16)
                  0.06    0.15    2.71 ^ clkbuf_0_clk/X (sky130_fd_sc_hd__clkbuf_16)
     4    0.04                           clknet_0_clk (net)
                  0.06    0.00    2.71 ^ clkbuf_2_3__f_clk/A (sky130_fd_sc_hd__clkbuf_16)
                  0.05    0.13    2.84 ^ clkbuf_2_3__f_clk/X (sky130_fd_sc_hd__clkbuf_16)
    10    0.03                           clknet_2_3__leaf_clk (net)
                  0.05    0.00    2.84 ^ _290_/CLK (sky130_fd_sc_hd__dfrtp_1)
                         -0.25    2.59   clock uncertainty
                          0.02    2.61   clock reconvergence pessimism
                         -0.10    2.51   library setup time
                                  2.51   data required time
-----------------------------------------------------------------------------
                                  2.51   data required time
                                 -2.78   data arrival time
-----------------------------------------------------------------------------
                                 -0.28   slack (VIOLATED)


Startpoint: _283_ (rising edge-triggered flip-flop clocked by clk)
Endpoint: _289_ (rising edge-triggered flip-flop clocked by clk)
Path Group: clk
Path Type: max

Fanout     Cap    Slew   Delay    Time   Description
-----------------------------------------------------------------------------
                          0.00    0.00   clock clk (rise edge)
                          0.00    0.00   clock source latency
                  0.09    0.06    0.06 ^ clk (in)
     1    0.02                           clk (net)
                  0.09    0.00    0.06 ^ clkbuf_0_clk/A (sky130_fd_sc_hd__clkbuf_16)
                  0.06    0.17    0.23 ^ clkbuf_0_clk/X (sky130_fd_sc_hd__clkbuf_16)
     4    0.04                           clknet_0_clk (net)
                  0.06    0.00    0.23 ^ clkbuf_2_2__f_clk/A (sky130_fd_sc_hd__clkbuf_16)
                  0.05    0.15    0.38 ^ clkbuf_2_2__f_clk/X (sky130_fd_sc_hd__clkbuf_16)
    11    0.03                           clknet_2_2__leaf_clk (net)
                  0.05    0.00    0.38 ^ _283_/CLK (sky130_fd_sc_hd__dfxtp_2)
                  0.11    0.39    0.77 ^ _283_/Q (sky130_fd_sc_hd__dfxtp_2)
     4    0.02                           u_tx.tick_cnt[2] (net)
                  0.11    0.00    0.77 ^ _153_/D (sky130_fd_sc_hd__nand4_4)
                  0.09    0.12    0.89 v _153_/Y (sky130_fd_sc_hd__nand4_4)
     3    0.01                           _055_ (net)
                  0.09    0.00    0.89 v _157_/A (sky130_fd_sc_hd__or3b_4)
                  0.07    0.43    1.32 v _157_/X (sky130_fd_sc_hd__or3b_4)
     2    0.01                           _058_ (net)
                  0.07    0.00    1.32 v _162_/B (sky130_fd_sc_hd__or4b_4)
                  0.09    0.55    1.87 v _162_/X (sky130_fd_sc_hd__or4b_4)
     1    0.01                           _062_ (net)
                  0.09    0.00    1.87 v _163_/A (sky130_fd_sc_hd__buf_6)
                  0.04    0.16    2.02 v _163_/X (sky130_fd_sc_hd__buf_6)
     5    0.03                           _063_ (net)
                  0.04    0.00    2.03 v rebuffer2/A (sky130_fd_sc_hd__buf_6)
                  0.02    0.12    2.14 v rebuffer2/X (sky130_fd_sc_hd__buf_6)
     2    0.01                           net28 (net)
                  0.02    0.00    2.14 v _232_/S (sky130_fd_sc_hd__mux2_2)
                  0.05    0.28    2.42 v _232_/X (sky130_fd_sc_hd__mux2_2)
     1    0.00                           _109_ (net)
                  0.05    0.00    2.42 v _233_/A1 (sky130_fd_sc_hd__mux2_4)
                  0.05    0.27    2.68 v _233_/X (sky130_fd_sc_hd__mux2_4)
     1    0.00                           _110_ (net)
                  0.05    0.00    2.68 v _234_/A (sky130_fd_sc_hd__clkbuf_1)
                  0.03    0.09    2.78 v _234_/X (sky130_fd_sc_hd__clkbuf_1)
     1    0.00                           _032_ (net)
                  0.03    0.00    2.78 v _289_/D (sky130_fd_sc_hd__dfrtp_1)
                                  2.78   data arrival time

                          2.50    2.50   clock clk (rise edge)
                          0.00    2.50   clock source latency
                  0.09    0.06    2.56 ^ clk (in)
     1    0.02                           clk (net)
                  0.09    0.00    2.56 ^ clkbuf_0_clk/A (sky130_fd_sc_hd__clkbuf_16)
                  0.06    0.15    2.71 ^ clkbuf_0_clk/X (sky130_fd_sc_hd__clkbuf_16)
     4    0.04                           clknet_0_clk (net)
                  0.06    0.00    2.71 ^ clkbuf_2_3__f_clk/A (sky130_fd_sc_hd__clkbuf_16)
                  0.05    0.13    2.84 ^ clkbuf_2_3__f_clk/X (sky130_fd_sc_hd__clkbuf_16)
    10    0.03                           clknet_2_3__leaf_clk (net)
                  0.05    0.00    2.84 ^ _289_/CLK (sky130_fd_sc_hd__dfrtp_1)
                         -0.25    2.59   clock uncertainty
                          0.02    2.61   clock reconvergence pessimism
                         -0.11    2.51   library setup time
                                  2.51   data required time
-----------------------------------------------------------------------------
                                  2.51   data required time
                                 -2.78   data arrival time
-----------------------------------------------------------------------------
                                 -0.27   slack (VIOLATED)


Startpoint: _283_ (rising edge-triggered flip-flop clocked by clk)
Endpoint: _266_ (rising edge-triggered flip-flop clocked by clk)
Path Group: clk
Path Type: max

Fanout     Cap    Slew   Delay    Time   Description
-----------------------------------------------------------------------------
                          0.00    0.00   clock clk (rise edge)
                          0.00    0.00   clock source latency
                  0.09    0.06    0.06 ^ clk (in)
     1    0.02                           clk (net)
                  0.09    0.00    0.06 ^ clkbuf_0_clk/A (sky130_fd_sc_hd__clkbuf_16)
                  0.06    0.17    0.23 ^ clkbuf_0_clk/X (sky130_fd_sc_hd__clkbuf_16)
     4    0.04                           clknet_0_clk (net)
                  0.06    0.00    0.23 ^ clkbuf_2_2__f_clk/A (sky130_fd_sc_hd__clkbuf_16)
                  0.05    0.15    0.38 ^ clkbuf_2_2__f_clk/X (sky130_fd_sc_hd__clkbuf_16)
    11    0.03                           clknet_2_2__leaf_clk (net)
                  0.05    0.00    0.38 ^ _283_/CLK (sky130_fd_sc_hd__dfxtp_2)
                  0.11    0.39    0.77 ^ _283_/Q (sky130_fd_sc_hd__dfxtp_2)
     4    0.02                           u_tx.tick_cnt[2] (net)
                  0.11    0.00    0.77 ^ _153_/D (sky130_fd_sc_hd__nand4_4)
                  0.09    0.12    0.89 v _153_/Y (sky130_fd_sc_hd__nand4_4)
     3    0.01                           _055_ (net)
                  0.09    0.00    0.89 v _157_/A (sky130_fd_sc_hd__or3b_4)
                  0.07    0.43    1.32 v _157_/X (sky130_fd_sc_hd__or3b_4)
     2    0.01                           _058_ (net)
                  0.07    0.00    1.32 v _162_/B (sky130_fd_sc_hd__or4b_4)
                  0.09    0.55    1.87 v _162_/X (sky130_fd_sc_hd__or4b_4)
     1    0.01                           _062_ (net)
                  0.09    0.00    1.87 v _163_/A (sky130_fd_sc_hd__buf_6)
                  0.04    0.16    2.02 v _163_/X (sky130_fd_sc_hd__buf_6)
     5    0.03                           _063_ (net)
                  0.04    0.00    2.02 v split1/A (sky130_fd_sc_hd__buf_6)
                  0.04    0.13    2.16 v split1/X (sky130_fd_sc_hd__buf_6)
     4    0.02                           net27 (net)
                  0.04    0.00    2.16 v _164_/A2 (sky130_fd_sc_hd__a21bo_4)
                  0.04    0.23    2.39 v _164_/X (sky130_fd_sc_hd__a21bo_4)
     3    0.01                           _064_ (net)
                  0.04    0.00    2.39 v _165_/S (sky130_fd_sc_hd__mux2_2)
                  0.05    0.28    2.67 v _165_/X (sky130_fd_sc_hd__mux2_2)
     1    0.00                           _065_ (net)
                  0.05    0.00    2.67 v _166_/A (sky130_fd_sc_hd__clkbuf_1)
                  0.03    0.09    2.76 v _166_/X (sky130_fd_sc_hd__clkbuf_1)
     1    0.00                           _009_ (net)
                  0.03    0.00    2.76 v _266_/D (sky130_fd_sc_hd__dfxtp_1)
                                  2.76   data arrival time

                          2.50    2.50   clock clk (rise edge)
                          0.00    2.50   clock source latency
                  0.09    0.06    2.56 ^ clk (in)
     1    0.02                           clk (net)
                  0.09    0.00    2.56 ^ clkbuf_0_clk/A (sky130_fd_sc_hd__clkbuf_16)
                  0.06    0.15    2.71 ^ clkbuf_0_clk/X (sky130_fd_sc_hd__clkbuf_16)
     4    0.04                           clknet_0_clk (net)
                  0.06    0.00    2.71 ^ clkbuf_2_3__f_clk/A (sky130_fd_sc_hd__clkbuf_16)
                  0.05    0.13    2.84 ^ clkbuf_2_3__f_clk/X (sky130_fd_sc_hd__clkbuf_16)
    10    0.03                           clknet_2_3__leaf_clk (net)
                  0.05    0.00    2.84 ^ _266_/CLK (sky130_fd_sc_hd__dfxtp_1)
                         -0.25    2.59   clock uncertainty
                          0.02    2.61   clock reconvergence pessimism
                         -0.10    2.51   library setup time
                                  2.51   data required time
-----------------------------------------------------------------------------
                                  2.51   data required time
                                 -2.76   data arrival time
-----------------------------------------------------------------------------
                                 -0.25   slack (VIOLATED)


Startpoint: _283_ (rising edge-triggered flip-flop clocked by clk)
Endpoint: _267_ (rising edge-triggered flip-flop clocked by clk)
Path Group: clk
Path Type: max

Fanout     Cap    Slew   Delay    Time   Description
-----------------------------------------------------------------------------
                          0.00    0.00   clock clk (rise edge)
                          0.00    0.00   clock source latency
                  0.09    0.06    0.06 ^ clk (in)
     1    0.02                           clk (net)
                  0.09    0.00    0.06 ^ clkbuf_0_clk/A (sky130_fd_sc_hd__clkbuf_16)
                  0.06    0.17    0.23 ^ clkbuf_0_clk/X (sky130_fd_sc_hd__clkbuf_16)
     4    0.04                           clknet_0_clk (net)
                  0.06    0.00    0.23 ^ clkbuf_2_2__f_clk/A (sky130_fd_sc_hd__clkbuf_16)
                  0.05    0.15    0.38 ^ clkbuf_2_2__f_clk/X (sky130_fd_sc_hd__clkbuf_16)
    11    0.03                           clknet_2_2__leaf_clk (net)
                  0.05    0.00    0.38 ^ _283_/CLK (sky130_fd_sc_hd__dfxtp_2)
                  0.11    0.39    0.77 ^ _283_/Q (sky130_fd_sc_hd__dfxtp_2)
     4    0.02                           u_tx.tick_cnt[2] (net)
                  0.11    0.00    0.77 ^ _153_/D (sky130_fd_sc_hd__nand4_4)
                  0.09    0.12    0.89 v _153_/Y (sky130_fd_sc_hd__nand4_4)
     3    0.01                           _055_ (net)
                  0.09    0.00    0.89 v _157_/A (sky130_fd_sc_hd__or3b_4)
                  0.07    0.43    1.32 v _157_/X (sky130_fd_sc_hd__or3b_4)
     2    0.01                           _058_ (net)
                  0.07    0.00    1.32 v _162_/B (sky130_fd_sc_hd__or4b_4)
                  0.09    0.55    1.87 v _162_/X (sky130_fd_sc_hd__or4b_4)
     1    0.01                           _062_ (net)
                  0.09    0.00    1.87 v _163_/A (sky130_fd_sc_hd__buf_6)
                  0.04    0.16    2.02 v _163_/X (sky130_fd_sc_hd__buf_6)
     5    0.03                           _063_ (net)
                  0.04    0.00    2.02 v split1/A (sky130_fd_sc_hd__buf_6)
                  0.04    0.13    2.16 v split1/X (sky130_fd_sc_hd__buf_6)
     4    0.02                           net27 (net)
                  0.04    0.00    2.16 v _164_/A2 (sky130_fd_sc_hd__a21bo_4)
                  0.04    0.23    2.39 v _164_/X (sky130_fd_sc_hd__a21bo_4)
     3    0.01                           _064_ (net)
                  0.04    0.00    2.39 v _169_/S (sky130_fd_sc_hd__mux2_2)
                  0.05    0.28    2.67 v _169_/X (sky130_fd_sc_hd__mux2_2)
     1    0.00                           _068_ (net)
                  0.05    0.00    2.67 v _170_/A (sky130_fd_sc_hd__clkbuf_1)
                  0.03    0.09    2.76 v _170_/X (sky130_fd_sc_hd__clkbuf_1)
     1    0.00                           _010_ (net)
                  0.03    0.00    2.76 v _267_/D (sky130_fd_sc_hd__dfxtp_1)
                                  2.76   data arrival time

                          2.50    2.50   clock clk (rise edge)
                          0.00    2.50   clock source latency
                  0.09    0.06    2.56 ^ clk (in)
     1    0.02                           clk (net)
                  0.09    0.00    2.56 ^ clkbuf_0_clk/A (sky130_fd_sc_hd__clkbuf_16)
                  0.06    0.15    2.71 ^ clkbuf_0_clk/X (sky130_fd_sc_hd__clkbuf_16)
     4    0.04                           clknet_0_clk (net)
                  0.06    0.00    2.71 ^ clkbuf_2_3__f_clk/A (sky130_fd_sc_hd__clkbuf_16)
                  0.05    0.13    2.84 ^ clkbuf_2_3__f_clk/X (sky130_fd_sc_hd__clkbuf_16)
    10    0.03                           clknet_2_3__leaf_clk (net)
                  0.05    0.00    2.84 ^ _267_/CLK (sky130_fd_sc_hd__dfxtp_1)
                         -0.25    2.59   clock uncertainty
                          0.02    2.61   clock reconvergence pessimism
                         -0.10    2.51   library setup time
                                  2.51   data required time
-----------------------------------------------------------------------------
                                  2.51   data required time
                                 -2.76   data arrival time
-----------------------------------------------------------------------------
                                 -0.25   slack (VIOLATED)


Startpoint: _283_ (rising edge-triggered flip-flop clocked by clk)
Endpoint: _268_ (rising edge-triggered flip-flop clocked by clk)
Path Group: clk
Path Type: max

Fanout     Cap    Slew   Delay    Time   Description
-----------------------------------------------------------------------------
                          0.00    0.00   clock clk (rise edge)
                          0.00    0.00   clock source latency
                  0.09    0.06    0.06 ^ clk (in)
     1    0.02                           clk (net)
                  0.09    0.00    0.06 ^ clkbuf_0_clk/A (sky130_fd_sc_hd__clkbuf_16)
                  0.06    0.17    0.23 ^ clkbuf_0_clk/X (sky130_fd_sc_hd__clkbuf_16)
     4    0.04                           clknet_0_clk (net)
                  0.06    0.00    0.23 ^ clkbuf_2_2__f_clk/A (sky130_fd_sc_hd__clkbuf_16)
                  0.05    0.15    0.38 ^ clkbuf_2_2__f_clk/X (sky130_fd_sc_hd__clkbuf_16)
    11    0.03                           clknet_2_2__leaf_clk (net)
                  0.05    0.00    0.38 ^ _283_/CLK (sky130_fd_sc_hd__dfxtp_2)
                  0.11    0.39    0.77 ^ _283_/Q (sky130_fd_sc_hd__dfxtp_2)
     4    0.02                           u_tx.tick_cnt[2] (net)
                  0.11    0.00    0.77 ^ _153_/D (sky130_fd_sc_hd__nand4_4)
                  0.09    0.12    0.89 v _153_/Y (sky130_fd_sc_hd__nand4_4)
     3    0.01                           _055_ (net)
                  0.09    0.00    0.89 v _157_/A (sky130_fd_sc_hd__or3b_4)
                  0.07    0.43    1.32 v _157_/X (sky130_fd_sc_hd__or3b_4)
     2    0.01                           _058_ (net)
                  0.07    0.00    1.32 v _162_/B (sky130_fd_sc_hd__or4b_4)
                  0.09    0.55    1.87 v _162_/X (sky130_fd_sc_hd__or4b_4)
     1    0.01                           _062_ (net)
                  0.09    0.00    1.87 v _163_/A (sky130_fd_sc_hd__buf_6)
                  0.04    0.16    2.02 v _163_/X (sky130_fd_sc_hd__buf_6)
     5    0.03                           _063_ (net)
                  0.04    0.00    2.02 v split1/A (sky130_fd_sc_hd__buf_6)
                  0.04    0.13    2.16 v split1/X (sky130_fd_sc_hd__buf_6)
     4    0.02                           net27 (net)
                  0.04    0.00    2.16 v _164_/A2 (sky130_fd_sc_hd__a21bo_4)
                  0.04    0.23    2.39 v _164_/X (sky130_fd_sc_hd__a21bo_4)
     3    0.01                           _064_ (net)
                  0.04    0.00    2.39 v _173_/S (sky130_fd_sc_hd__mux2_2)
                  0.05    0.27    2.66 v _173_/X (sky130_fd_sc_hd__mux2_2)
     1    0.00                           _071_ (net)
                  0.05    0.00    2.66 v _174_/A (sky130_fd_sc_hd__clkbuf_1)
                  0.02    0.09    2.75 v _174_/X (sky130_fd_sc_hd__clkbuf_1)
     1    0.00                           _011_ (net)
                  0.02    0.00    2.75 v _268_/D (sky130_fd_sc_hd__dfxtp_1)
                                  2.75   data arrival time

                          2.50    2.50   clock clk (rise edge)
                          0.00    2.50   clock source latency
                  0.09    0.06    2.56 ^ clk (in)
     1    0.02                           clk (net)
                  0.09    0.00    2.56 ^ clkbuf_0_clk/A (sky130_fd_sc_hd__clkbuf_16)
                  0.06    0.15    2.71 ^ clkbuf_0_clk/X (sky130_fd_sc_hd__clkbuf_16)
     4    0.04                           clknet_0_clk (net)
                  0.06    0.00    2.71 ^ clkbuf_2_3__f_clk/A (sky130_fd_sc_hd__clkbuf_16)
                  0.05    0.13    2.84 ^ clkbuf_2_3__f_clk/X (sky130_fd_sc_hd__clkbuf_16)
    10    0.03                           clknet_2_3__leaf_clk (net)
                  0.05    0.00    2.84 ^ _268_/CLK (sky130_fd_sc_hd__dfxtp_1)
                         -0.25    2.59   clock uncertainty
                          0.02    2.61   clock reconvergence pessimism
                         -0.10    2.51   library setup time
                                  2.51   data required time
-----------------------------------------------------------------------------
                                  2.51   data required time
                                 -2.75   data arrival time
-----------------------------------------------------------------------------
                                 -0.23   slack (VIOLATED)


Startpoint: _283_ (rising edge-triggered flip-flop clocked by clk)
Endpoint: _286_ (rising edge-triggered flip-flop clocked by clk)
Path Group: clk
Path Type: max

Fanout     Cap    Slew   Delay    Time   Description
-----------------------------------------------------------------------------
                          0.00    0.00   clock clk (rise edge)
                          0.00    0.00   clock source latency
                  0.09    0.06    0.06 ^ clk (in)
     1    0.02                           clk (net)
                  0.09    0.00    0.06 ^ clkbuf_0_clk/A (sky130_fd_sc_hd__clkbuf_16)
                  0.06    0.17    0.23 ^ clkbuf_0_clk/X (sky130_fd_sc_hd__clkbuf_16)
     4    0.04                           clknet_0_clk (net)
                  0.06    0.00    0.23 ^ clkbuf_2_2__f_clk/A (sky130_fd_sc_hd__clkbuf_16)
                  0.05    0.15    0.38 ^ clkbuf_2_2__f_clk/X (sky130_fd_sc_hd__clkbuf_16)
    11    0.03                           clknet_2_2__leaf_clk (net)
                  0.05    0.00    0.38 ^ _283_/CLK (sky130_fd_sc_hd__dfxtp_2)
                  0.11    0.39    0.77 ^ _283_/Q (sky130_fd_sc_hd__dfxtp_2)
     4    0.02                           u_tx.tick_cnt[2] (net)
                  0.11    0.00    0.77 ^ _153_/D (sky130_fd_sc_hd__nand4_4)
                  0.09    0.12    0.89 v _153_/Y (sky130_fd_sc_hd__nand4_4)
     3    0.01                           _055_ (net)
                  0.09    0.00    0.89 v _157_/A (sky130_fd_sc_hd__or3b_4)
                  0.07    0.43    1.32 v _157_/X (sky130_fd_sc_hd__or3b_4)
     2    0.01                           _058_ (net)
                  0.07    0.00    1.32 v _162_/B (sky130_fd_sc_hd__or4b_4)
                  0.09    0.55    1.87 v _162_/X (sky130_fd_sc_hd__or4b_4)
     1    0.01                           _062_ (net)
                  0.09    0.00    1.87 v _163_/A (sky130_fd_sc_hd__buf_6)
                  0.04    0.16    2.02 v _163_/X (sky130_fd_sc_hd__buf_6)
     5    0.03                           _063_ (net)
                  0.04    0.00    2.02 v _222_/S (sky130_fd_sc_hd__mux2_1)
                  0.06    0.33    2.35 v _222_/X (sky130_fd_sc_hd__mux2_1)
     1    0.00                           _102_ (net)
                  0.06    0.00    2.35 v _224_/A1 (sky130_fd_sc_hd__mux2_4)
                  0.05    0.27    2.62 v _224_/X (sky130_fd_sc_hd__mux2_4)
     1    0.00                           _104_ (net)
                  0.05    0.00    2.62 v _225_/A (sky130_fd_sc_hd__clkbuf_1)
                  0.02    0.09    2.71 v _225_/X (sky130_fd_sc_hd__clkbuf_1)
     1    0.00                           _029_ (net)
                  0.02    0.00    2.71 v _286_/D (sky130_fd_sc_hd__dfrtp_1)
                                  2.71   data arrival time

                          2.50    2.50   clock clk (rise edge)
                          0.00    2.50   clock source latency
                  0.09    0.06    2.56 ^ clk (in)
     1    0.02                           clk (net)
                  0.09    0.00    2.56 ^ clkbuf_0_clk/A (sky130_fd_sc_hd__clkbuf_16)
                  0.06    0.15    2.71 ^ clkbuf_0_clk/X (sky130_fd_sc_hd__clkbuf_16)
     4    0.04                           clknet_0_clk (net)
                  0.06    0.00    2.71 ^ clkbuf_2_1__f_clk/A (sky130_fd_sc_hd__clkbuf_16)
                  0.06    0.14    2.84 ^ clkbuf_2_1__f_clk/X (sky130_fd_sc_hd__clkbuf_16)
    11    0.03                           clknet_2_1__leaf_clk (net)
                  0.06    0.00    2.84 ^ _286_/CLK (sky130_fd_sc_hd__dfrtp_1)
                         -0.25    2.59   clock uncertainty
                          0.02    2.62   clock reconvergence pessimism
                         -0.10    2.51   library setup time
                                  2.51   data required time
-----------------------------------------------------------------------------
                                  2.51   data required time
                                 -2.71   data arrival time
-----------------------------------------------------------------------------
                                 -0.20   slack (VIOLATED)


Startpoint: _283_ (rising edge-triggered flip-flop clocked by clk)
Endpoint: _287_ (rising edge-triggered flip-flop clocked by clk)
Path Group: clk
Path Type: max

Fanout     Cap    Slew   Delay    Time   Description
-----------------------------------------------------------------------------
                          0.00    0.00   clock clk (rise edge)
                          0.00    0.00   clock source latency
                  0.09    0.06    0.06 ^ clk (in)
     1    0.02                           clk (net)
                  0.09    0.00    0.06 ^ clkbuf_0_clk/A (sky130_fd_sc_hd__clkbuf_16)
                  0.06    0.17    0.23 ^ clkbuf_0_clk/X (sky130_fd_sc_hd__clkbuf_16)
     4    0.04                           clknet_0_clk (net)
                  0.06    0.00    0.23 ^ clkbuf_2_2__f_clk/A (sky130_fd_sc_hd__clkbuf_16)
                  0.05    0.15    0.38 ^ clkbuf_2_2__f_clk/X (sky130_fd_sc_hd__clkbuf_16)
    11    0.03                           clknet_2_2__leaf_clk (net)
                  0.05    0.00    0.38 ^ _283_/CLK (sky130_fd_sc_hd__dfxtp_2)
                  0.11    0.39    0.77 ^ _283_/Q (sky130_fd_sc_hd__dfxtp_2)
     4    0.02                           u_tx.tick_cnt[2] (net)
                  0.11    0.00    0.77 ^ _153_/D (sky130_fd_sc_hd__nand4_4)
                  0.09    0.12    0.89 v _153_/Y (sky130_fd_sc_hd__nand4_4)
     3    0.01                           _055_ (net)
                  0.09    0.00    0.89 v _157_/A (sky130_fd_sc_hd__or3b_4)
                  0.07    0.43    1.32 v _157_/X (sky130_fd_sc_hd__or3b_4)
     2    0.01                           _058_ (net)
                  0.07    0.00    1.32 v _162_/B (sky130_fd_sc_hd__or4b_4)
                  0.09    0.55    1.87 v _162_/X (sky130_fd_sc_hd__or4b_4)
     1    0.01                           _062_ (net)
                  0.09    0.00    1.87 v _163_/A (sky130_fd_sc_hd__buf_6)
                  0.04    0.16    2.02 v _163_/X (sky130_fd_sc_hd__buf_6)
     5    0.03                           _063_ (net)
                  0.04    0.00    2.03 v _226_/S (sky130_fd_sc_hd__mux2_1)
                  0.06    0.32    2.34 v _226_/X (sky130_fd_sc_hd__mux2_1)
     1    0.00                           _105_ (net)
                  0.06    0.00    2.34 v _227_/A1 (sky130_fd_sc_hd__mux2_4)
                  0.05    0.27    2.61 v _227_/X (sky130_fd_sc_hd__mux2_4)
     1    0.00                           _106_ (net)
                  0.05    0.00    2.61 v _228_/A (sky130_fd_sc_hd__clkbuf_1)
                  0.02    0.09    2.70 v _228_/X (sky130_fd_sc_hd__clkbuf_1)
     1    0.00                           _030_ (net)
                  0.02    0.00    2.70 v _287_/D (sky130_fd_sc_hd__dfrtp_1)
                                  2.70   data arrival time

                          2.50    2.50   clock clk (rise edge)
                          0.00    2.50   clock source latency
                  0.09    0.06    2.56 ^ clk (in)
     1    0.02                           clk (net)
                  0.09    0.00    2.56 ^ clkbuf_0_clk/A (sky130_fd_sc_hd__clkbuf_16)
                  0.06    0.15    2.71 ^ clkbuf_0_clk/X (sky130_fd_sc_hd__clkbuf_16)
     4    0.04                           clknet_0_clk (net)
                  0.06    0.00    2.71 ^ clkbuf_2_3__f_clk/A (sky130_fd_sc_hd__clkbuf_16)
                  0.05    0.13    2.84 ^ clkbuf_2_3__f_clk/X (sky130_fd_sc_hd__clkbuf_16)
    10    0.03                           clknet_2_3__leaf_clk (net)
                  0.05    0.00    2.84 ^ _287_/CLK (sky130_fd_sc_hd__dfrtp_1)
                         -0.25    2.59   clock uncertainty
                          0.02    2.61   clock reconvergence pessimism
                         -0.10    2.51   library setup time
                                  2.51   data required time
-----------------------------------------------------------------------------
                                  2.51   data required time
                                 -2.70   data arrival time
-----------------------------------------------------------------------------
                                 -0.19   slack (VIOLATED)


Startpoint: _283_ (rising edge-triggered flip-flop clocked by clk)
Endpoint: _291_ (rising edge-triggered flip-flop clocked by clk)
Path Group: clk
Path Type: max

Fanout     Cap    Slew   Delay    Time   Description
-----------------------------------------------------------------------------
                          0.00    0.00   clock clk (rise edge)
                          0.00    0.00   clock source latency
                  0.09    0.06    0.06 ^ clk (in)
     1    0.02                           clk (net)
                  0.09    0.00    0.06 ^ clkbuf_0_clk/A (sky130_fd_sc_hd__clkbuf_16)
                  0.06    0.17    0.23 ^ clkbuf_0_clk/X (sky130_fd_sc_hd__clkbuf_16)
     4    0.04                           clknet_0_clk (net)
                  0.06    0.00    0.23 ^ clkbuf_2_2__f_clk/A (sky130_fd_sc_hd__clkbuf_16)
                  0.05    0.15    0.38 ^ clkbuf_2_2__f_clk/X (sky130_fd_sc_hd__clkbuf_16)
    11    0.03                           clknet_2_2__leaf_clk (net)
                  0.05    0.00    0.38 ^ _283_/CLK (sky130_fd_sc_hd__dfxtp_2)
                  0.11    0.39    0.77 ^ _283_/Q (sky130_fd_sc_hd__dfxtp_2)
     4    0.02                           u_tx.tick_cnt[2] (net)
                  0.11    0.00    0.77 ^ _153_/D (sky130_fd_sc_hd__nand4_4)
                  0.09    0.12    0.89 v _153_/Y (sky130_fd_sc_hd__nand4_4)
     3    0.01                           _055_ (net)
                  0.09    0.00    0.89 v _157_/A (sky130_fd_sc_hd__or3b_4)
                  0.07    0.43    1.32 v _157_/X (sky130_fd_sc_hd__or3b_4)
     2    0.01                           _058_ (net)
                  0.07    0.00    1.32 v _162_/B (sky130_fd_sc_hd__or4b_4)
                  0.09    0.55    1.87 v _162_/X (sky130_fd_sc_hd__or4b_4)
     1    0.01                           _062_ (net)
                  0.09    0.00    1.87 v _163_/A (sky130_fd_sc_hd__buf_6)
                  0.04    0.16    2.02 v _163_/X (sky130_fd_sc_hd__buf_6)
     5    0.03                           _063_ (net)
                  0.04    0.00    2.03 v _238_/S (sky130_fd_sc_hd__mux2_1)
                  0.05    0.32    2.34 v _238_/X (sky130_fd_sc_hd__mux2_1)
     1    0.00                           _113_ (net)
                  0.05    0.00    2.34 v _239_/A1 (sky130_fd_sc_hd__mux2_2)
                  0.05    0.27    2.61 v _239_/X (sky130_fd_sc_hd__mux2_2)
     1    0.00                           _114_ (net)
                  0.05    0.00    2.61 v _240_/A (sky130_fd_sc_hd__clkbuf_1)
                  0.02    0.09    2.70 v _240_/X (sky130_fd_sc_hd__clkbuf_1)
     1    0.00                           _034_ (net)
                  0.02    0.00    2.70 v _291_/D (sky130_fd_sc_hd__dfrtp_1)
                                  2.70   data arrival time

                          2.50    2.50   clock clk (rise edge)
                          0.00    2.50   clock source latency
                  0.09    0.06    2.56 ^ clk (in)
     1    0.02                           clk (net)
                  0.09    0.00    2.56 ^ clkbuf_0_clk/A (sky130_fd_sc_hd__clkbuf_16)
                  0.06    0.15    2.71 ^ clkbuf_0_clk/X (sky130_fd_sc_hd__clkbuf_16)
     4    0.04                           clknet_0_clk (net)
                  0.06    0.00    2.71 ^ clkbuf_2_1__f_clk/A (sky130_fd_sc_hd__clkbuf_16)
                  0.06    0.14    2.84 ^ clkbuf_2_1__f_clk/X (sky130_fd_sc_hd__clkbuf_16)
    11    0.03                           clknet_2_1__leaf_clk (net)
                  0.06    0.00    2.84 ^ _291_/CLK (sky130_fd_sc_hd__dfrtp_1)
                         -0.25    2.59   clock uncertainty
                          0.02    2.62   clock reconvergence pessimism
                         -0.10    2.51   library setup time
                                  2.51   data required time
-----------------------------------------------------------------------------
                                  2.51   data required time
                                 -2.70   data arrival time
-----------------------------------------------------------------------------
                                 -0.19   slack (VIOLATED)


Startpoint: _264_ (rising edge-triggered flip-flop clocked by clk)
Endpoint: rx_done (output port clocked by clk)
Path Group: clk
Path Type: max

Fanout     Cap    Slew   Delay    Time   Description
-----------------------------------------------------------------------------
                          0.00    0.00   clock clk (rise edge)
                          0.00    0.00   clock source latency
                  0.09    0.06    0.06 ^ clk (in)
     1    0.02                           clk (net)
                  0.09    0.00    0.06 ^ clkbuf_0_clk/A (sky130_fd_sc_hd__clkbuf_16)
                  0.06    0.17    0.23 ^ clkbuf_0_clk/X (sky130_fd_sc_hd__clkbuf_16)
     4    0.04                           clknet_0_clk (net)
                  0.06    0.00    0.23 ^ clkbuf_2_0__f_clk/A (sky130_fd_sc_hd__clkbuf_16)
                  0.05    0.14    0.37 ^ clkbuf_2_0__f_clk/X (sky130_fd_sc_hd__clkbuf_16)
     9    0.03                           clknet_2_0__leaf_clk (net)
                  0.05    0.00    0.37 ^ _264_/CLK (sky130_fd_sc_hd__dfrtp_4)
                  0.10    0.55    0.92 v _264_/Q (sky130_fd_sc_hd__dfrtp_4)
     9    0.03                           u_baud.tick (net)
                  0.10    0.00    0.92 v _147_/A (sky130_fd_sc_hd__and4_2)
                  0.08    0.26    1.18 v _147_/X (sky130_fd_sc_hd__and4_2)
     6    0.02                           _051_ (net)
                  0.08    0.00    1.18 v _148_/B (sky130_fd_sc_hd__and2_1)
                  0.05    0.19    1.37 v _148_/X (sky130_fd_sc_hd__and2_1)
     3    0.01                           _052_ (net)
                  0.05    0.00    1.37 v _149_/C (sky130_fd_sc_hd__and3_1)
                  0.04    0.18    1.56 v _149_/X (sky130_fd_sc_hd__and3_1)
     1    0.00                           _053_ (net)
                  0.04    0.00    1.56 v _150_/A (sky130_fd_sc_hd__clkbuf_1)
                  0.04    0.10    1.66 v _150_/X (sky130_fd_sc_hd__clkbuf_1)
     2    0.01                           net20 (net)
                  0.04    0.00    1.66 v output20/A (sky130_fd_sc_hd__clkbuf_4)
                  0.08    0.19    1.85 v output20/X (sky130_fd_sc_hd__clkbuf_4)
     1    0.03                           rx_done (net)
                  0.08    0.00    1.85 v rx_done (out)
                                  1.85   data arrival time

                          2.50    2.50   clock clk (rise edge)
                          0.00    2.50   clock network delay (propagated)
                         -0.25    2.25   clock uncertainty
                          0.00    2.25   clock reconvergence pessimism
                         -0.50    1.75   output external delay
                                  1.75   data required time
-----------------------------------------------------------------------------
                                  1.75   data required time
                                 -1.85   data arrival time
-----------------------------------------------------------------------------
                                 -0.10   slack (VIOLATED)


Startpoint: _265_ (rising edge-triggered flip-flop clocked by clk)
Endpoint: tx (output port clocked by clk)
Path Group: clk
Path Type: max

Fanout     Cap    Slew   Delay    Time   Description
-----------------------------------------------------------------------------
                          0.00    0.00   clock clk (rise edge)
                          0.00    0.00   clock source latency
                  0.09    0.06    0.06 ^ clk (in)
     1    0.02                           clk (net)
                  0.09    0.00    0.06 ^ clkbuf_0_clk/A (sky130_fd_sc_hd__clkbuf_16)
                  0.06    0.17    0.23 ^ clkbuf_0_clk/X (sky130_fd_sc_hd__clkbuf_16)
     4    0.04                           clknet_0_clk (net)
                  0.06    0.00    0.23 ^ clkbuf_2_3__f_clk/A (sky130_fd_sc_hd__clkbuf_16)
                  0.05    0.15    0.38 ^ clkbuf_2_3__f_clk/X (sky130_fd_sc_hd__clkbuf_16)
    10    0.03                           clknet_2_3__leaf_clk (net)
                  0.05    0.00    0.38 ^ _265_/CLK (sky130_fd_sc_hd__dfrtp_4)
                  0.09    0.54    0.91 v _265_/Q (sky130_fd_sc_hd__dfrtp_4)
     6    0.03                           u_tx.state[0] (net)
                  0.09    0.00    0.91 v _133_/A (sky130_fd_sc_hd__or2_1)
                  0.05    0.25    1.16 v _133_/X (sky130_fd_sc_hd__or2_1)
     1    0.00                           _043_ (net)
                  0.05    0.00    1.16 v _134_/A1 (sky130_fd_sc_hd__mux2_1)
                  0.08    0.34    1.50 v _134_/X (sky130_fd_sc_hd__mux2_1)
     1    0.01                           _044_ (net)
                  0.08    0.00    1.50 v _135_/A (sky130_fd_sc_hd__clkbuf_1)
                  0.03    0.11    1.61 v _135_/X (sky130_fd_sc_hd__clkbuf_1)
     1    0.00                           net21 (net)
                  0.03    0.00    1.61 v output21/A (sky130_fd_sc_hd__clkbuf_4)
                  0.08    0.18    1.80 v output21/X (sky130_fd_sc_hd__clkbuf_4)
     1    0.03                           tx (net)
                  0.08    0.00    1.80 v tx (out)
                                  1.80   data arrival time

                          2.50    2.50   clock clk (rise edge)
                          0.00    2.50   clock network delay (propagated)
                         -0.25    2.25   clock uncertainty
                          0.00    2.25   clock reconvergence pessimism
                         -0.50    1.75   output external delay
                                  1.75   data required time
-----------------------------------------------------------------------------
                                  1.75   data required time
                                 -1.80   data arrival time
-----------------------------------------------------------------------------
                                 -0.05   slack (VIOLATED)


Startpoint: _283_ (rising edge-triggered flip-flop clocked by clk)
Endpoint: _293_ (rising edge-triggered flip-flop clocked by clk)
Path Group: clk
Path Type: max

Fanout     Cap    Slew   Delay    Time   Description
-----------------------------------------------------------------------------
                          0.00    0.00   clock clk (rise edge)
                          0.00    0.00   clock source latency
                  0.09    0.06    0.06 ^ clk (in)
     1    0.02                           clk (net)
                  0.09    0.00    0.06 ^ clkbuf_0_clk/A (sky130_fd_sc_hd__clkbuf_16)
                  0.06    0.17    0.23 ^ clkbuf_0_clk/X (sky130_fd_sc_hd__clkbuf_16)
     4    0.04                           clknet_0_clk (net)
                  0.06    0.00    0.23 ^ clkbuf_2_2__f_clk/A (sky130_fd_sc_hd__clkbuf_16)
                  0.05    0.15    0.38 ^ clkbuf_2_2__f_clk/X (sky130_fd_sc_hd__clkbuf_16)
    11    0.03                           clknet_2_2__leaf_clk (net)
                  0.05    0.00    0.38 ^ _283_/CLK (sky130_fd_sc_hd__dfxtp_2)
                  0.11    0.39    0.77 ^ _283_/Q (sky130_fd_sc_hd__dfxtp_2)
     4    0.02                           u_tx.tick_cnt[2] (net)
                  0.11    0.00    0.77 ^ _153_/D (sky130_fd_sc_hd__nand4_4)
                  0.09    0.12    0.89 v _153_/Y (sky130_fd_sc_hd__nand4_4)
     3    0.01                           _055_ (net)
                  0.09    0.00    0.89 v _157_/A (sky130_fd_sc_hd__or3b_4)
                  0.07    0.43    1.32 v _157_/X (sky130_fd_sc_hd__or3b_4)
     2    0.01                           _058_ (net)
                  0.07    0.00    1.32 v _162_/B (sky130_fd_sc_hd__or4b_4)
                  0.09    0.55    1.87 v _162_/X (sky130_fd_sc_hd__or4b_4)
     1    0.01                           _062_ (net)
                  0.09    0.00    1.87 v _163_/A (sky130_fd_sc_hd__buf_6)
                  0.04    0.16    2.02 v _163_/X (sky130_fd_sc_hd__buf_6)
     5    0.03                           _063_ (net)
                  0.04    0.00    2.02 v split1/A (sky130_fd_sc_hd__buf_6)
                  0.04    0.13    2.16 v split1/X (sky130_fd_sc_hd__buf_6)
     4    0.02                           net27 (net)
                  0.04    0.00    2.16 v _244_/B (sky130_fd_sc_hd__nand2_1)
                  0.05    0.06    2.22 ^ _244_/Y (sky130_fd_sc_hd__nand2_1)
     1    0.00                           _117_ (net)
                  0.05    0.00    2.22 ^ _245_/B1 (sky130_fd_sc_hd__o22a_1)
                  0.06    0.14    2.36 ^ _245_/X (sky130_fd_sc_hd__o22a_1)
     1    0.00                           _036_ (net)
                  0.06    0.00    2.36 ^ _293_/D (sky130_fd_sc_hd__dfrtp_1)
                                  2.36   data arrival time

                          2.50    2.50   clock clk (rise edge)
                          0.00    2.50   clock source latency
                  0.09    0.06    2.56 ^ clk (in)
     1    0.02                           clk (net)
                  0.09    0.00    2.56 ^ clkbuf_0_clk/A (sky130_fd_sc_hd__clkbuf_16)
                  0.06    0.15    2.71 ^ clkbuf_0_clk/X (sky130_fd_sc_hd__clkbuf_16)
     4    0.04                           clknet_0_clk (net)
                  0.06    0.00    2.71 ^ clkbuf_2_1__f_clk/A (sky130_fd_sc_hd__clkbuf_16)
                  0.06    0.14    2.84 ^ clkbuf_2_1__f_clk/X (sky130_fd_sc_hd__clkbuf_16)
    11    0.03                           clknet_2_1__leaf_clk (net)
                  0.06    0.00    2.84 ^ _293_/CLK (sky130_fd_sc_hd__dfrtp_1)
                         -0.25    2.59   clock uncertainty
                          0.02    2.62   clock reconvergence pessimism
                         -0.06    2.55   library setup time
                                  2.55   data required time
-----------------------------------------------------------------------------
                                  2.55   data required time
                                 -2.36   data arrival time
-----------------------------------------------------------------------------
                                  0.19   slack (MET)


Startpoint: _258_ (rising edge-triggered flip-flop clocked by clk)
Endpoint: tx_busy (output port clocked by clk)
Path Group: clk
Path Type: max

Fanout     Cap    Slew   Delay    Time   Description
-----------------------------------------------------------------------------
                          0.00    0.00   clock clk (rise edge)
                          0.00    0.00   clock source latency
                  0.09    0.06    0.06 ^ clk (in)
     1    0.02                           clk (net)
                  0.09    0.00    0.06 ^ clkbuf_0_clk/A (sky130_fd_sc_hd__clkbuf_16)
                  0.06    0.17    0.23 ^ clkbuf_0_clk/X (sky130_fd_sc_hd__clkbuf_16)
     4    0.04                           clknet_0_clk (net)
                  0.06    0.00    0.23 ^ clkbuf_2_3__f_clk/A (sky130_fd_sc_hd__clkbuf_16)
                  0.05    0.15    0.38 ^ clkbuf_2_3__f_clk/X (sky130_fd_sc_hd__clkbuf_16)
    10    0.03                           clknet_2_3__leaf_clk (net)
                  0.05    0.00    0.38 ^ _258_/CLK (sky130_fd_sc_hd__dfrtp_4)
                  0.08    0.53    0.91 v _258_/Q (sky130_fd_sc_hd__dfrtp_4)
     6    0.02                           u_tx.state[1] (net)
                  0.08    0.00    0.91 v _127_/A (sky130_fd_sc_hd__nor2_4)
                  0.26    0.27    1.18 ^ _127_/Y (sky130_fd_sc_hd__nor2_4)
     7    0.04                           _125_ (net)
                  0.26    0.00    1.18 ^ _128_/A (sky130_fd_sc_hd__inv_2)
                  0.08    0.11    1.29 v _128_/Y (sky130_fd_sc_hd__inv_2)
     3    0.02                           net22 (net)
                  0.08    0.00    1.29 v output22/A (sky130_fd_sc_hd__clkbuf_4)
                  0.08    0.21    1.50 v output22/X (sky130_fd_sc_hd__clkbuf_4)
     1    0.03                           tx_busy (net)
                  0.08    0.00    1.50 v tx_busy (out)
                                  1.50   data arrival time

                          2.50    2.50   clock clk (rise edge)
                          0.00    2.50   clock network delay (propagated)
                         -0.25    2.25   clock uncertainty
                          0.00    2.25   clock reconvergence pessimism
                         -0.50    1.75   output external delay
                                  1.75   data required time
-----------------------------------------------------------------------------
                                  1.75   data required time
                                 -1.50   data arrival time
-----------------------------------------------------------------------------
                                  0.25   slack (MET)


Startpoint: rst_n (input port clocked by clk)
Endpoint: _281_ (rising edge-triggered flip-flop clocked by clk)
Path Group: clk
Path Type: max

Fanout     Cap    Slew   Delay    Time   Description
-----------------------------------------------------------------------------
                          0.00    0.00   clock clk (rise edge)
                          0.00    0.00   clock network delay (propagated)
                          0.50    0.50 v input external delay
                  0.01    0.00    0.50 v rst_n (in)
     1    0.00                           rst_n (net)
                  0.01    0.00    0.50 v input1/A (sky130_fd_sc_hd__clkbuf_1)
                  0.04    0.08    0.59 v input1/X (sky130_fd_sc_hd__clkbuf_1)
     1    0.00                           net1 (net)
                  0.04    0.00    0.59 v hold3/A (sky130_fd_sc_hd__buf_1)
                  0.04    0.10    0.69 v hold3/X (sky130_fd_sc_hd__buf_1)
     1    0.00                           net29 (net)
                  0.04    0.00    0.69 v hold1/A (sky130_fd_sc_hd__dlygate4sd3_1)
                  0.11    0.65    1.33 v hold1/X (sky130_fd_sc_hd__dlygate4sd3_1)
     3    0.02                           net33 (net)
                  0.11    0.00    1.33 v fanout24/A (sky130_fd_sc_hd__clkbuf_4)
                  0.09    0.24    1.57 v fanout24/X (sky130_fd_sc_hd__clkbuf_4)
     7    0.04                           net24 (net)
                  0.09    0.00    1.57 v _208_/B1 (sky130_fd_sc_hd__o21ai_4)
                  0.21    0.12    1.69 ^ _208_/Y (sky130_fd_sc_hd__o21ai_4)
     7    0.02                           _093_ (net)
                  0.21    0.00    1.69 ^ _209_/B (sky130_fd_sc_hd__nor2_1)
                  0.09    0.11    1.80 v _209_/Y (sky130_fd_sc_hd__nor2_1)
     3    0.01                           _094_ (net)
                  0.09    0.00    1.80 v _210_/A0 (sky130_fd_sc_hd__mux2_1)
                  0.06    0.32    2.12 v _210_/X (sky130_fd_sc_hd__mux2_1)
     1    0.00                           _095_ (net)
                  0.06    0.00    2.12 v _211_/A (sky130_fd_sc_hd__clkbuf_1)
                  0.02    0.10    2.22 v _211_/X (sky130_fd_sc_hd__clkbuf_1)
     1    0.00                           _024_ (net)
                  0.02    0.00    2.22 v _281_/D (sky130_fd_sc_hd__dfxtp_2)
                                  2.22   data arrival time

                          2.50    2.50   clock clk (rise edge)
                          0.00    2.50   clock source latency
                  0.09    0.06    2.56 ^ clk (in)
     1    0.02                           clk (net)
                  0.09    0.00    2.56 ^ clkbuf_0_clk/A (sky130_fd_sc_hd__clkbuf_16)
                  0.06    0.15    2.71 ^ clkbuf_0_clk/X (sky130_fd_sc_hd__clkbuf_16)
     4    0.04                           clknet_0_clk (net)
                  0.06    0.00    2.71 ^ clkbuf_2_2__f_clk/A (sky130_fd_sc_hd__clkbuf_16)
                  0.05    0.13    2.84 ^ clkbuf_2_2__f_clk/X (sky130_fd_sc_hd__clkbuf_16)
    11    0.03                           clknet_2_2__leaf_clk (net)
                  0.05    0.00    2.84 ^ _281_/CLK (sky130_fd_sc_hd__dfxtp_2)
                         -0.25    2.59   clock uncertainty
                          0.00    2.59   clock reconvergence pessimism
                         -0.10    2.49   library setup time
                                  2.49   data required time
-----------------------------------------------------------------------------
                                  2.49   data required time
                                 -2.22   data arrival time
-----------------------------------------------------------------------------
                                  0.27   slack (MET)


Startpoint: rst_n (input port clocked by clk)
Endpoint: _282_ (rising edge-triggered flip-flop clocked by clk)
Path Group: clk
Path Type: max

Fanout     Cap    Slew   Delay    Time   Description
-----------------------------------------------------------------------------
                          0.00    0.00   clock clk (rise edge)
                          0.00    0.00   clock network delay (propagated)
                          0.50    0.50 ^ input external delay
                  0.02    0.01    0.51 ^ rst_n (in)
     1    0.00                           rst_n (net)
                  0.02    0.00    0.51 ^ input1/A (sky130_fd_sc_hd__clkbuf_1)
                  0.06    0.09    0.60 ^ input1/X (sky130_fd_sc_hd__clkbuf_1)
     1    0.00                           net1 (net)
                  0.06    0.00    0.60 ^ hold3/A (sky130_fd_sc_hd__buf_1)
                  0.07    0.11    0.71 ^ hold3/X (sky130_fd_sc_hd__buf_1)
     1    0.00                           net29 (net)
                  0.07    0.00    0.71 ^ hold1/A (sky130_fd_sc_hd__dlygate4sd3_1)
                  0.18    0.67    1.38 ^ hold1/X (sky130_fd_sc_hd__dlygate4sd3_1)
     3    0.02                           net33 (net)
                  0.18    0.00    1.38 ^ fanout24/A (sky130_fd_sc_hd__clkbuf_4)
                  0.14    0.26    1.65 ^ fanout24/X (sky130_fd_sc_hd__clkbuf_4)
     7    0.04                           net24 (net)
                  0.14    0.00    1.65 ^ _208_/B1 (sky130_fd_sc_hd__o21ai_4)
                  0.08    0.11    1.75 v _208_/Y (sky130_fd_sc_hd__o21ai_4)
     7    0.02                           _093_ (net)
                  0.08    0.00    1.75 v _209_/B (sky130_fd_sc_hd__nor2_1)
                  0.20    0.20    1.95 ^ _209_/Y (sky130_fd_sc_hd__nor2_1)
     3    0.01                           _094_ (net)
                  0.20    0.00    1.95 ^ _214_/A2 (sky130_fd_sc_hd__a32o_1)
                  0.06    0.21    2.16 ^ _214_/X (sky130_fd_sc_hd__a32o_1)
     1    0.00                           _025_ (net)
                  0.06    0.00    2.16 ^ _282_/D (sky130_fd_sc_hd__dfxtp_2)
                                  2.16   data arrival time

                          2.50    2.50   clock clk (rise edge)
                          0.00    2.50   clock source latency
                  0.09    0.06    2.56 ^ clk (in)
     1    0.02                           clk (net)
                  0.09    0.00    2.56 ^ clkbuf_0_clk/A (sky130_fd_sc_hd__clkbuf_16)
                  0.06    0.15    2.71 ^ clkbuf_0_clk/X (sky130_fd_sc_hd__clkbuf_16)
     4    0.04                           clknet_0_clk (net)
                  0.06    0.00    2.71 ^ clkbuf_2_2__f_clk/A (sky130_fd_sc_hd__clkbuf_16)
                  0.05    0.13    2.84 ^ clkbuf_2_2__f_clk/X (sky130_fd_sc_hd__clkbuf_16)
    11    0.03                           clknet_2_2__leaf_clk (net)
                  0.05    0.00    2.84 ^ _282_/CLK (sky130_fd_sc_hd__dfxtp_2)
                         -0.25    2.59   clock uncertainty
                          0.00    2.59   clock reconvergence pessimism
                         -0.06    2.53   library setup time
                                  2.53   data required time
-----------------------------------------------------------------------------
                                  2.53   data required time
                                 -2.16   data arrival time
-----------------------------------------------------------------------------
                                  0.37   slack (MET)


Startpoint: rst_n (input port clocked by clk)
Endpoint: _283_ (rising edge-triggered flip-flop clocked by clk)
Path Group: clk
Path Type: max

Fanout     Cap    Slew   Delay    Time   Description
-----------------------------------------------------------------------------
                          0.00    0.00   clock clk (rise edge)
                          0.00    0.00   clock network delay (propagated)
                          0.50    0.50 ^ input external delay
                  0.02    0.01    0.51 ^ rst_n (in)
     1    0.00                           rst_n (net)
                  0.02    0.00    0.51 ^ input1/A (sky130_fd_sc_hd__clkbuf_1)
                  0.06    0.09    0.60 ^ input1/X (sky130_fd_sc_hd__clkbuf_1)
     1    0.00                           net1 (net)
                  0.06    0.00    0.60 ^ hold3/A (sky130_fd_sc_hd__buf_1)
                  0.07    0.11    0.71 ^ hold3/X (sky130_fd_sc_hd__buf_1)
     1    0.00                           net29 (net)
                  0.07    0.00    0.71 ^ hold1/A (sky130_fd_sc_hd__dlygate4sd3_1)
                  0.18    0.67    1.38 ^ hold1/X (sky130_fd_sc_hd__dlygate4sd3_1)
     3    0.02                           net33 (net)
                  0.18    0.00    1.38 ^ fanout24/A (sky130_fd_sc_hd__clkbuf_4)
                  0.14    0.26    1.65 ^ fanout24/X (sky130_fd_sc_hd__clkbuf_4)
     7    0.04                           net24 (net)
                  0.14    0.00    1.65 ^ _208_/B1 (sky130_fd_sc_hd__o21ai_4)
                  0.08    0.11    1.75 v _208_/Y (sky130_fd_sc_hd__o21ai_4)
     7    0.02                           _093_ (net)
                  0.08    0.00    1.75 v _209_/B (sky130_fd_sc_hd__nor2_1)
                  0.20    0.20    1.95 ^ _209_/Y (sky130_fd_sc_hd__nor2_1)
     3    0.01                           _094_ (net)
                  0.20    0.00    1.95 ^ _217_/A2 (sky130_fd_sc_hd__a32o_1)
                  0.05    0.20    2.15 ^ _217_/X (sky130_fd_sc_hd__a32o_1)
     1    0.00                           _026_ (net)
                  0.05    0.00    2.15 ^ _283_/D (sky130_fd_sc_hd__dfxtp_2)
                                  2.15   data arrival time

                          2.50    2.50   clock clk (rise edge)
                          0.00    2.50   clock source latency
                  0.09    0.06    2.56 ^ clk (in)
     1    0.02                           clk (net)
                  0.09    0.00    2.56 ^ clkbuf_0_clk/A (sky130_fd_sc_hd__clkbuf_16)
                  0.06    0.15    2.71 ^ clkbuf_0_clk/X (sky130_fd_sc_hd__clkbuf_16)
     4    0.04                           clknet_0_clk (net)
                  0.06    0.00    2.71 ^ clkbuf_2_2__f_clk/A (sky130_fd_sc_hd__clkbuf_16)
                  0.05    0.13    2.84 ^ clkbuf_2_2__f_clk/X (sky130_fd_sc_hd__clkbuf_16)
    11    0.03                           clknet_2_2__leaf_clk (net)
                  0.05    0.00    2.84 ^ _283_/CLK (sky130_fd_sc_hd__dfxtp_2)
                         -0.25    2.59   clock uncertainty
                          0.00    2.59   clock reconvergence pessimism
                         -0.06    2.53   library setup time
                                  2.53   data required time
-----------------------------------------------------------------------------
                                  2.53   data required time
                                 -2.15   data arrival time
-----------------------------------------------------------------------------
                                  0.38   slack (MET)


Startpoint: _264_ (rising edge-triggered flip-flop clocked by clk)
Endpoint: _272_ (rising edge-triggered flip-flop clocked by clk)
Path Group: clk
Path Type: max

Fanout     Cap    Slew   Delay    Time   Description
-----------------------------------------------------------------------------
                          0.00    0.00   clock clk (rise edge)
                          0.00    0.00   clock source latency
                  0.09    0.06    0.06 ^ clk (in)
     1    0.02                           clk (net)
                  0.09    0.00    0.06 ^ clkbuf_0_clk/A (sky130_fd_sc_hd__clkbuf_16)
                  0.06    0.17    0.23 ^ clkbuf_0_clk/X (sky130_fd_sc_hd__clkbuf_16)
     4    0.04                           clknet_0_clk (net)
                  0.06    0.00    0.23 ^ clkbuf_2_0__f_clk/A (sky130_fd_sc_hd__clkbuf_16)
                  0.05    0.14    0.37 ^ clkbuf_2_0__f_clk/X (sky130_fd_sc_hd__clkbuf_16)
     9    0.03                           clknet_2_0__leaf_clk (net)
                  0.05    0.00    0.37 ^ _264_/CLK (sky130_fd_sc_hd__dfrtp_4)
                  0.13    0.50    0.87 ^ _264_/Q (sky130_fd_sc_hd__dfrtp_4)
     9    0.04                           u_baud.tick (net)
                  0.13    0.00    0.87 ^ _147_/A (sky130_fd_sc_hd__and4_2)
                  0.13    0.31    1.18 ^ _147_/X (sky130_fd_sc_hd__and4_2)
     6    0.02                           _051_ (net)
                  0.13    0.00    1.18 ^ _175_/C (sky130_fd_sc_hd__and4bb_4)
                  0.21    0.40    1.58 ^ _175_/X (sky130_fd_sc_hd__and4bb_4)
     8    0.06                           _072_ (net)
                  0.21    0.00    1.58 ^ _182_/S (sky130_fd_sc_hd__mux2_1)
                  0.06    0.36    1.94 v _182_/X (sky130_fd_sc_hd__mux2_1)
     1    0.00                           _076_ (net)
                  0.06    0.00    1.94 v _183_/A (sky130_fd_sc_hd__clkbuf_1)
                  0.03    0.10    2.04 v _183_/X (sky130_fd_sc_hd__clkbuf_1)
     1    0.00                           _015_ (net)
                  0.03    0.00    2.04 v _272_/D (sky130_fd_sc_hd__dfrtp_1)
                                  2.04   data arrival time

                          2.50    2.50   clock clk (rise edge)
                          0.00    2.50   clock source latency
                  0.09    0.06    2.56 ^ clk (in)
     1    0.02                           clk (net)
                  0.09    0.00    2.56 ^ clkbuf_0_clk/A (sky130_fd_sc_hd__clkbuf_16)
                  0.06    0.15    2.71 ^ clkbuf_0_clk/X (sky130_fd_sc_hd__clkbuf_16)
     4    0.04                           clknet_0_clk (net)
                  0.06    0.00    2.71 ^ clkbuf_2_1__f_clk/A (sky130_fd_sc_hd__clkbuf_16)
                  0.06    0.14    2.84 ^ clkbuf_2_1__f_clk/X (sky130_fd_sc_hd__clkbuf_16)
    11    0.03                           clknet_2_1__leaf_clk (net)
                  0.06    0.00    2.84 ^ _272_/CLK (sky130_fd_sc_hd__dfrtp_1)
                         -0.25    2.59   clock uncertainty
                          0.02    2.62   clock reconvergence pessimism
                         -0.10    2.51   library setup time
                                  2.51   data required time
-----------------------------------------------------------------------------
                                  2.51   data required time
                                 -2.04   data arrival time
-----------------------------------------------------------------------------
                                  0.47   slack (MET)


Startpoint: _264_ (rising edge-triggered flip-flop clocked by clk)
Endpoint: _276_ (rising edge-triggered flip-flop clocked by clk)
Path Group: clk
Path Type: max

Fanout     Cap    Slew   Delay    Time   Description
-----------------------------------------------------------------------------
                          0.00    0.00   clock clk (rise edge)
                          0.00    0.00   clock source latency
                  0.09    0.06    0.06 ^ clk (in)
     1    0.02                           clk (net)
                  0.09    0.00    0.06 ^ clkbuf_0_clk/A (sky130_fd_sc_hd__clkbuf_16)
                  0.06    0.17    0.23 ^ clkbuf_0_clk/X (sky130_fd_sc_hd__clkbuf_16)
     4    0.04                           clknet_0_clk (net)
                  0.06    0.00    0.23 ^ clkbuf_2_0__f_clk/A (sky130_fd_sc_hd__clkbuf_16)
                  0.05    0.14    0.37 ^ clkbuf_2_0__f_clk/X (sky130_fd_sc_hd__clkbuf_16)
     9    0.03                           clknet_2_0__leaf_clk (net)
                  0.05    0.00    0.37 ^ _264_/CLK (sky130_fd_sc_hd__dfrtp_4)
                  0.13    0.50    0.87 ^ _264_/Q (sky130_fd_sc_hd__dfrtp_4)
     9    0.04                           u_baud.tick (net)
                  0.13    0.00    0.87 ^ _147_/A (sky130_fd_sc_hd__and4_2)
                  0.13    0.31    1.18 ^ _147_/X (sky130_fd_sc_hd__and4_2)
     6    0.02                           _051_ (net)
                  0.13    0.00    1.18 ^ _175_/C (sky130_fd_sc_hd__and4bb_4)
                  0.21    0.40    1.58 ^ _175_/X (sky130_fd_sc_hd__and4bb_4)
     8    0.06                           _072_ (net)
                  0.21    0.00    1.58 ^ _190_/S (sky130_fd_sc_hd__mux2_1)
                  0.06    0.36    1.94 v _190_/X (sky130_fd_sc_hd__mux2_1)
     1    0.00                           _080_ (net)
                  0.06    0.00    1.94 v _191_/A (sky130_fd_sc_hd__clkbuf_1)
                  0.02    0.09    2.04 v _191_/X (sky130_fd_sc_hd__clkbuf_1)
     1    0.00                           _019_ (net)
                  0.02    0.00    2.04 v _276_/D (sky130_fd_sc_hd__dfrtp_1)
                                  2.04   data arrival time

                          2.50    2.50   clock clk (rise edge)
                          0.00    2.50   clock source latency
                  0.09    0.06    2.56 ^ clk (in)
     1    0.02                           clk (net)
                  0.09    0.00    2.56 ^ clkbuf_0_clk/A (sky130_fd_sc_hd__clkbuf_16)
                  0.06    0.15    2.71 ^ clkbuf_0_clk/X (sky130_fd_sc_hd__clkbuf_16)
     4    0.04                           clknet_0_clk (net)
                  0.06    0.00    2.71 ^ clkbuf_2_2__f_clk/A (sky130_fd_sc_hd__clkbuf_16)
                  0.05    0.13    2.84 ^ clkbuf_2_2__f_clk/X (sky130_fd_sc_hd__clkbuf_16)
    11    0.03                           clknet_2_2__leaf_clk (net)
                  0.05    0.00    2.84 ^ _276_/CLK (sky130_fd_sc_hd__dfrtp_1)
                         -0.25    2.59   clock uncertainty
                          0.02    2.61   clock reconvergence pessimism
                         -0.10    2.51   library setup time
                                  2.51   data required time
-----------------------------------------------------------------------------
                                  2.51   data required time
                                 -2.04   data arrival time
-----------------------------------------------------------------------------
                                  0.47   slack (MET)


Startpoint: _264_ (rising edge-triggered flip-flop clocked by clk)
Endpoint: _273_ (rising edge-triggered flip-flop clocked by clk)
Path Group: clk
Path Type: max

Fanout     Cap    Slew   Delay    Time   Description
-----------------------------------------------------------------------------
                          0.00    0.00   clock clk (rise edge)
                          0.00    0.00   clock source latency
                  0.09    0.06    0.06 ^ clk (in)
     1    0.02                           clk (net)
                  0.09    0.00    0.06 ^ clkbuf_0_clk/A (sky130_fd_sc_hd__clkbuf_16)
                  0.06    0.17    0.23 ^ clkbuf_0_clk/X (sky130_fd_sc_hd__clkbuf_16)
     4    0.04                           clknet_0_clk (net)
                  0.06    0.00    0.23 ^ clkbuf_2_0__f_clk/A (sky130_fd_sc_hd__clkbuf_16)
                  0.05    0.14    0.37 ^ clkbuf_2_0__f_clk/X (sky130_fd_sc_hd__clkbuf_16)
     9    0.03                           clknet_2_0__leaf_clk (net)
                  0.05    0.00    0.37 ^ _264_/CLK (sky130_fd_sc_hd__dfrtp_4)
                  0.13    0.50    0.87 ^ _264_/Q (sky130_fd_sc_hd__dfrtp_4)
     9    0.04                           u_baud.tick (net)
                  0.13    0.00    0.87 ^ _147_/A (sky130_fd_sc_hd__and4_2)
                  0.13    0.31    1.18 ^ _147_/X (sky130_fd_sc_hd__and4_2)
     6    0.02                           _051_ (net)
                  0.13    0.00    1.18 ^ _175_/C (sky130_fd_sc_hd__and4bb_4)
                  0.21    0.40    1.58 ^ _175_/X (sky130_fd_sc_hd__and4bb_4)
     8    0.06                           _072_ (net)
                  0.21    0.00    1.58 ^ _184_/S (sky130_fd_sc_hd__mux2_1)
                  0.05    0.36    1.94 v _184_/X (sky130_fd_sc_hd__mux2_1)
     1    0.00                           _077_ (net)
                  0.05    0.00    1.94 v _185_/A (sky130_fd_sc_hd__clkbuf_1)
                  0.03    0.10    2.04 v _185_/X (sky130_fd_sc_hd__clkbuf_1)
     1    0.00                           _016_ (net)
                  0.03    0.00    2.04 v _273_/D (sky130_fd_sc_hd__dfrtp_1)
                                  2.04   data arrival time

                          2.50    2.50   clock clk (rise edge)
                          0.00    2.50   clock source latency
                  0.09    0.06    2.56 ^ clk (in)
     1    0.02                           clk (net)
                  0.09    0.00    2.56 ^ clkbuf_0_clk/A (sky130_fd_sc_hd__clkbuf_16)
                  0.06    0.15    2.71 ^ clkbuf_0_clk/X (sky130_fd_sc_hd__clkbuf_16)
     4    0.04                           clknet_0_clk (net)
                  0.06    0.00    2.71 ^ clkbuf_2_3__f_clk/A (sky130_fd_sc_hd__clkbuf_16)
                  0.05    0.13    2.84 ^ clkbuf_2_3__f_clk/X (sky130_fd_sc_hd__clkbuf_16)
    10    0.03                           clknet_2_3__leaf_clk (net)
                  0.05    0.00    2.84 ^ _273_/CLK (sky130_fd_sc_hd__dfrtp_1)
                         -0.25    2.59   clock uncertainty
                          0.02    2.61   clock reconvergence pessimism
                         -0.10    2.51   library setup time
                                  2.51   data required time
-----------------------------------------------------------------------------
                                  2.51   data required time
                                 -2.04   data arrival time
-----------------------------------------------------------------------------
                                  0.47   slack (MET)


Startpoint: _264_ (rising edge-triggered flip-flop clocked by clk)
Endpoint: _275_ (rising edge-triggered flip-flop clocked by clk)
Path Group: clk
Path Type: max

Fanout     Cap    Slew   Delay    Time   Description
-----------------------------------------------------------------------------
                          0.00    0.00   clock clk (rise edge)
                          0.00    0.00   clock source latency
                  0.09    0.06    0.06 ^ clk (in)
     1    0.02                           clk (net)
                  0.09    0.00    0.06 ^ clkbuf_0_clk/A (sky130_fd_sc_hd__clkbuf_16)
                  0.06    0.17    0.23 ^ clkbuf_0_clk/X (sky130_fd_sc_hd__clkbuf_16)
     4    0.04                           clknet_0_clk (net)
                  0.06    0.00    0.23 ^ clkbuf_2_0__f_clk/A (sky130_fd_sc_hd__clkbuf_16)
                  0.05    0.14    0.37 ^ clkbuf_2_0__f_clk/X (sky130_fd_sc_hd__clkbuf_16)
     9    0.03                           clknet_2_0__leaf_clk (net)
                  0.05    0.00    0.37 ^ _264_/CLK (sky130_fd_sc_hd__dfrtp_4)
                  0.13    0.50    0.87 ^ _264_/Q (sky130_fd_sc_hd__dfrtp_4)
     9    0.04                           u_baud.tick (net)
                  0.13    0.00    0.87 ^ _147_/A (sky130_fd_sc_hd__and4_2)
                  0.13    0.31    1.18 ^ _147_/X (sky130_fd_sc_hd__and4_2)
     6    0.02                           _051_ (net)
                  0.13    0.00    1.18 ^ _175_/C (sky130_fd_sc_hd__and4bb_4)
                  0.21    0.40    1.58 ^ _175_/X (sky130_fd_sc_hd__and4bb_4)
     8    0.06                           _072_ (net)
                  0.21    0.00    1.58 ^ _188_/S (sky130_fd_sc_hd__mux2_1)
                  0.05    0.36    1.94 v _188_/X (sky130_fd_sc_hd__mux2_1)
     1    0.00                           _079_ (net)
                  0.05    0.00    1.94 v _189_/A (sky130_fd_sc_hd__clkbuf_1)
                  0.03    0.10    2.04 v _189_/X (sky130_fd_sc_hd__clkbuf_1)
     1    0.00                           _018_ (net)
                  0.03    0.00    2.04 v _275_/D (sky130_fd_sc_hd__dfrtp_1)
                                  2.04   data arrival time

                          2.50    2.50   clock clk (rise edge)
                          0.00    2.50   clock source latency
                  0.09    0.06    2.56 ^ clk (in)
     1    0.02                           clk (net)
                  0.09    0.00    2.56 ^ clkbuf_0_clk/A (sky130_fd_sc_hd__clkbuf_16)
                  0.06    0.15    2.71 ^ clkbuf_0_clk/X (sky130_fd_sc_hd__clkbuf_16)
     4    0.04                           clknet_0_clk (net)
                  0.06    0.00    2.71 ^ clkbuf_2_2__f_clk/A (sky130_fd_sc_hd__clkbuf_16)
                  0.05    0.13    2.84 ^ clkbuf_2_2__f_clk/X (sky130_fd_sc_hd__clkbuf_16)
    11    0.03                           clknet_2_2__leaf_clk (net)
                  0.05    0.00    2.84 ^ _275_/CLK (sky130_fd_sc_hd__dfrtp_1)
                         -0.25    2.59   clock uncertainty
                          0.02    2.61   clock reconvergence pessimism
                         -0.11    2.51   library setup time
                                  2.51   data required time
-----------------------------------------------------------------------------
                                  2.51   data required time
                                 -2.04   data arrival time
-----------------------------------------------------------------------------
                                  0.47   slack (MET)


Startpoint: _264_ (rising edge-triggered flip-flop clocked by clk)
Endpoint: _274_ (rising edge-triggered flip-flop clocked by clk)
Path Group: clk
Path Type: max

Fanout     Cap    Slew   Delay    Time   Description
-----------------------------------------------------------------------------
                          0.00    0.00   clock clk (rise edge)
                          0.00    0.00   clock source latency
                  0.09    0.06    0.06 ^ clk (in)
     1    0.02                           clk (net)
                  0.09    0.00    0.06 ^ clkbuf_0_clk/A (sky130_fd_sc_hd__clkbuf_16)
                  0.06    0.17    0.23 ^ clkbuf_0_clk/X (sky130_fd_sc_hd__clkbuf_16)
     4    0.04                           clknet_0_clk (net)
                  0.06    0.00    0.23 ^ clkbuf_2_0__f_clk/A (sky130_fd_sc_hd__clkbuf_16)
                  0.05    0.14    0.37 ^ clkbuf_2_0__f_clk/X (sky130_fd_sc_hd__clkbuf_16)
     9    0.03                           clknet_2_0__leaf_clk (net)
                  0.05    0.00    0.37 ^ _264_/CLK (sky130_fd_sc_hd__dfrtp_4)
                  0.13    0.50    0.87 ^ _264_/Q (sky130_fd_sc_hd__dfrtp_4)
     9    0.04                           u_baud.tick (net)
                  0.13    0.00    0.87 ^ _147_/A (sky130_fd_sc_hd__and4_2)
                  0.13    0.31    1.18 ^ _147_/X (sky130_fd_sc_hd__and4_2)
     6    0.02                           _051_ (net)
                  0.13    0.00    1.18 ^ _175_/C (sky130_fd_sc_hd__and4bb_4)
                  0.21    0.40    1.58 ^ _175_/X (sky130_fd_sc_hd__and4bb_4)
     8    0.06                           _072_ (net)
                  0.21    0.00    1.58 ^ _186_/S (sky130_fd_sc_hd__mux2_1)
                  0.05    0.36    1.94 v _186_/X (sky130_fd_sc_hd__mux2_1)
     1    0.00                           _078_ (net)
                  0.05    0.00    1.94 v _187_/A (sky130_fd_sc_hd__clkbuf_1)
                  0.02    0.09    2.03 v _187_/X (sky130_fd_sc_hd__clkbuf_1)
     1    0.00                           _017_ (net)
                  0.02    0.00    2.03 v _274_/D (sky130_fd_sc_hd__dfrtp_1)
                                  2.03   data arrival time

                          2.50    2.50   clock clk (rise edge)
                          0.00    2.50   clock source latency
                  0.09    0.06    2.56 ^ clk (in)
     1    0.02                           clk (net)
                  0.09    0.00    2.56 ^ clkbuf_0_clk/A (sky130_fd_sc_hd__clkbuf_16)
                  0.06    0.15    2.71 ^ clkbuf_0_clk/X (sky130_fd_sc_hd__clkbuf_16)
     4    0.04                           clknet_0_clk (net)
                  0.06    0.00    2.71 ^ clkbuf_2_2__f_clk/A (sky130_fd_sc_hd__clkbuf_16)
                  0.05    0.13    2.84 ^ clkbuf_2_2__f_clk/X (sky130_fd_sc_hd__clkbuf_16)
    11    0.03                           clknet_2_2__leaf_clk (net)
                  0.05    0.00    2.84 ^ _274_/CLK (sky130_fd_sc_hd__dfrtp_1)
                         -0.25    2.59   clock uncertainty
                          0.02    2.61   clock reconvergence pessimism
                         -0.10    2.51   library setup time
                                  2.51   data required time
-----------------------------------------------------------------------------
                                  2.51   data required time
                                 -2.03   data arrival time
-----------------------------------------------------------------------------
                                  0.48   slack (MET)


Startpoint: _264_ (rising edge-triggered flip-flop clocked by clk)
Endpoint: _271_ (rising edge-triggered flip-flop clocked by clk)
Path Group: clk
Path Type: max

Fanout     Cap    Slew   Delay    Time   Description
-----------------------------------------------------------------------------
                          0.00    0.00   clock clk (rise edge)
                          0.00    0.00   clock source latency
                  0.09    0.06    0.06 ^ clk (in)
     1    0.02                           clk (net)
                  0.09    0.00    0.06 ^ clkbuf_0_clk/A (sky130_fd_sc_hd__clkbuf_16)
                  0.06    0.17    0.23 ^ clkbuf_0_clk/X (sky130_fd_sc_hd__clkbuf_16)
     4    0.04                           clknet_0_clk (net)
                  0.06    0.00    0.23 ^ clkbuf_2_0__f_clk/A (sky130_fd_sc_hd__clkbuf_16)
                  0.05    0.14    0.37 ^ clkbuf_2_0__f_clk/X (sky130_fd_sc_hd__clkbuf_16)
     9    0.03                           clknet_2_0__leaf_clk (net)
                  0.05    0.00    0.37 ^ _264_/CLK (sky130_fd_sc_hd__dfrtp_4)
                  0.13    0.50    0.87 ^ _264_/Q (sky130_fd_sc_hd__dfrtp_4)
     9    0.04                           u_baud.tick (net)
                  0.13    0.00    0.87 ^ _147_/A (sky130_fd_sc_hd__and4_2)
                  0.13    0.31    1.18 ^ _147_/X (sky130_fd_sc_hd__and4_2)
     6    0.02                           _051_ (net)
                  0.13    0.00    1.18 ^ _175_/C (sky130_fd_sc_hd__and4bb_4)
                  0.21    0.40    1.58 ^ _175_/X (sky130_fd_sc_hd__and4bb_4)
     8    0.06                           _072_ (net)
                  0.21    0.00    1.58 ^ _180_/S (sky130_fd_sc_hd__mux2_1)
                  0.05    0.35    1.94 v _180_/X (sky130_fd_sc_hd__mux2_1)
     1    0.00                           _075_ (net)
                  0.05    0.00    1.94 v _181_/A (sky130_fd_sc_hd__clkbuf_1)
                  0.02    0.09    2.03 v _181_/X (sky130_fd_sc_hd__clkbuf_1)
     1    0.00                           _014_ (net)
                  0.02    0.00    2.03 v _271_/D (sky130_fd_sc_hd__dfrtp_1)
                                  2.03   data arrival time

                          2.50    2.50   clock clk (rise edge)
                          0.00    2.50   clock source latency
                  0.09    0.06    2.56 ^ clk (in)
     1    0.02                           clk (net)
                  0.09    0.00    2.56 ^ clkbuf_0_clk/A (sky130_fd_sc_hd__clkbuf_16)
                  0.06    0.15    2.71 ^ clkbuf_0_clk/X (sky130_fd_sc_hd__clkbuf_16)
     4    0.04                           clknet_0_clk (net)
                  0.06    0.00    2.71 ^ clkbuf_2_1__f_clk/A (sky130_fd_sc_hd__clkbuf_16)
                  0.06    0.14    2.84 ^ clkbuf_2_1__f_clk/X (sky130_fd_sc_hd__clkbuf_16)
    11    0.03                           clknet_2_1__leaf_clk (net)
                  0.06    0.00    2.84 ^ _271_/CLK (sky130_fd_sc_hd__dfrtp_1)
                         -0.25    2.59   clock uncertainty
                          0.02    2.62   clock reconvergence pessimism
                         -0.10    2.51   library setup time
                                  2.51   data required time
-----------------------------------------------------------------------------
                                  2.51   data required time
                                 -2.03   data arrival time
-----------------------------------------------------------------------------
                                  0.48   slack (MET)


Startpoint: _264_ (rising edge-triggered flip-flop clocked by clk)
Endpoint: _270_ (rising edge-triggered flip-flop clocked by clk)
Path Group: clk
Path Type: max

Fanout     Cap    Slew   Delay    Time   Description
-----------------------------------------------------------------------------
                          0.00    0.00   clock clk (rise edge)
                          0.00    0.00   clock source latency
                  0.09    0.06    0.06 ^ clk (in)
     1    0.02                           clk (net)
                  0.09    0.00    0.06 ^ clkbuf_0_clk/A (sky130_fd_sc_hd__clkbuf_16)
                  0.06    0.17    0.23 ^ clkbuf_0_clk/X (sky130_fd_sc_hd__clkbuf_16)
     4    0.04                           clknet_0_clk (net)
                  0.06    0.00    0.23 ^ clkbuf_2_0__f_clk/A (sky130_fd_sc_hd__clkbuf_16)
                  0.05    0.14    0.37 ^ clkbuf_2_0__f_clk/X (sky130_fd_sc_hd__clkbuf_16)
     9    0.03                           clknet_2_0__leaf_clk (net)
                  0.05    0.00    0.37 ^ _264_/CLK (sky130_fd_sc_hd__dfrtp_4)
                  0.13    0.50    0.87 ^ _264_/Q (sky130_fd_sc_hd__dfrtp_4)
     9    0.04                           u_baud.tick (net)
                  0.13    0.00    0.87 ^ _147_/A (sky130_fd_sc_hd__and4_2)
                  0.13    0.31    1.18 ^ _147_/X (sky130_fd_sc_hd__and4_2)
     6    0.02                           _051_ (net)
                  0.13    0.00    1.18 ^ _175_/C (sky130_fd_sc_hd__and4bb_4)
                  0.21    0.40    1.58 ^ _175_/X (sky130_fd_sc_hd__and4bb_4)
     8    0.06                           _072_ (net)
                  0.21    0.00    1.58 ^ _178_/S (sky130_fd_sc_hd__mux2_1)
                  0.05    0.35    1.94 v _178_/X (sky130_fd_sc_hd__mux2_1)
     1    0.00                           _074_ (net)
                  0.05    0.00    1.94 v _179_/A (sky130_fd_sc_hd__clkbuf_1)
                  0.03    0.09    2.03 v _179_/X (sky130_fd_sc_hd__clkbuf_1)
     1    0.00                           _013_ (net)
                  0.03    0.00    2.03 v _270_/D (sky130_fd_sc_hd__dfrtp_1)
                                  2.03   data arrival time

                          2.50    2.50   clock clk (rise edge)
                          0.00    2.50   clock source latency
                  0.09    0.06    2.56 ^ clk (in)
     1    0.02                           clk (net)
                  0.09    0.00    2.56 ^ clkbuf_0_clk/A (sky130_fd_sc_hd__clkbuf_16)
                  0.06    0.15    2.71 ^ clkbuf_0_clk/X (sky130_fd_sc_hd__clkbuf_16)
     4    0.04                           clknet_0_clk (net)
                  0.06    0.00    2.71 ^ clkbuf_2_0__f_clk/A (sky130_fd_sc_hd__clkbuf_16)
                  0.05    0.13    2.84 ^ clkbuf_2_0__f_clk/X (sky130_fd_sc_hd__clkbuf_16)
     9    0.03                           clknet_2_0__leaf_clk (net)
                  0.05    0.00    2.84 ^ _270_/CLK (sky130_fd_sc_hd__dfrtp_1)
                         -0.25    2.59   clock uncertainty
                          0.04    2.62   clock reconvergence pessimism
                         -0.11    2.52   library setup time
                                  2.52   data required time
-----------------------------------------------------------------------------
                                  2.52   data required time
                                 -2.03   data arrival time
-----------------------------------------------------------------------------
                                  0.49   slack (MET)


Startpoint: _264_ (rising edge-triggered flip-flop clocked by clk)
Endpoint: _269_ (rising edge-triggered flip-flop clocked by clk)
Path Group: clk
Path Type: max

Fanout     Cap    Slew   Delay    Time   Description
-----------------------------------------------------------------------------
                          0.00    0.00   clock clk (rise edge)
                          0.00    0.00   clock source latency
                  0.09    0.06    0.06 ^ clk (in)
     1    0.02                           clk (net)
                  0.09    0.00    0.06 ^ clkbuf_0_clk/A (sky130_fd_sc_hd__clkbuf_16)
                  0.06    0.17    0.23 ^ clkbuf_0_clk/X (sky130_fd_sc_hd__clkbuf_16)
     4    0.04                           clknet_0_clk (net)
                  0.06    0.00    0.23 ^ clkbuf_2_0__f_clk/A (sky130_fd_sc_hd__clkbuf_16)
                  0.05    0.14    0.37 ^ clkbuf_2_0__f_clk/X (sky130_fd_sc_hd__clkbuf_16)
     9    0.03                           clknet_2_0__leaf_clk (net)
                  0.05    0.00    0.37 ^ _264_/CLK (sky130_fd_sc_hd__dfrtp_4)
                  0.13    0.50    0.87 ^ _264_/Q (sky130_fd_sc_hd__dfrtp_4)
     9    0.04                           u_baud.tick (net)
                  0.13    0.00    0.87 ^ _147_/A (sky130_fd_sc_hd__and4_2)
                  0.13    0.31    1.18 ^ _147_/X (sky130_fd_sc_hd__and4_2)
     6    0.02                           _051_ (net)
                  0.13    0.00    1.18 ^ _175_/C (sky130_fd_sc_hd__and4bb_4)
                  0.21    0.40    1.58 ^ _175_/X (sky130_fd_sc_hd__and4bb_4)
     8    0.06                           _072_ (net)
                  0.21    0.00    1.58 ^ _176_/S (sky130_fd_sc_hd__mux2_1)
                  0.05    0.35    1.94 v _176_/X (sky130_fd_sc_hd__mux2_1)
     1    0.00                           _073_ (net)
                  0.05    0.00    1.94 v _177_/A (sky130_fd_sc_hd__clkbuf_1)
                  0.02    0.09    2.03 v _177_/X (sky130_fd_sc_hd__clkbuf_1)
     1    0.00                           _012_ (net)
                  0.02    0.00    2.03 v _269_/D (sky130_fd_sc_hd__dfrtp_1)
                                  2.03   data arrival time

                          2.50    2.50   clock clk (rise edge)
                          0.00    2.50   clock source latency
                  0.09    0.06    2.56 ^ clk (in)
     1    0.02                           clk (net)
                  0.09    0.00    2.56 ^ clkbuf_0_clk/A (sky130_fd_sc_hd__clkbuf_16)
                  0.06    0.15    2.71 ^ clkbuf_0_clk/X (sky130_fd_sc_hd__clkbuf_16)
     4    0.04                           clknet_0_clk (net)
                  0.06    0.00    2.71 ^ clkbuf_2_0__f_clk/A (sky130_fd_sc_hd__clkbuf_16)
                  0.05    0.13    2.84 ^ clkbuf_2_0__f_clk/X (sky130_fd_sc_hd__clkbuf_16)
     9    0.03                           clknet_2_0__leaf_clk (net)
                  0.05    0.00    2.84 ^ _269_/CLK (sky130_fd_sc_hd__dfrtp_1)
                         -0.25    2.59   clock uncertainty
                          0.04    2.62   clock reconvergence pessimism
                         -0.10    2.52   library setup time
                                  2.52   data required time
-----------------------------------------------------------------------------
                                  2.52   data required time
                                 -2.03   data arrival time
-----------------------------------------------------------------------------
                                  0.49   slack (MET)


Startpoint: _264_ (rising edge-triggered flip-flop clocked by clk)
Endpoint: _278_ (rising edge-triggered flip-flop clocked by clk)
Path Group: clk
Path Type: max

Fanout     Cap    Slew   Delay    Time   Description
-----------------------------------------------------------------------------
                          0.00    0.00   clock clk (rise edge)
                          0.00    0.00   clock source latency
                  0.09    0.06    0.06 ^ clk (in)
     1    0.02                           clk (net)
                  0.09    0.00    0.06 ^ clkbuf_0_clk/A (sky130_fd_sc_hd__clkbuf_16)
                  0.06    0.17    0.23 ^ clkbuf_0_clk/X (sky130_fd_sc_hd__clkbuf_16)
     4    0.04                           clknet_0_clk (net)
                  0.06    0.00    0.23 ^ clkbuf_2_0__f_clk/A (sky130_fd_sc_hd__clkbuf_16)
                  0.05    0.14    0.37 ^ clkbuf_2_0__f_clk/X (sky130_fd_sc_hd__clkbuf_16)
     9    0.03                           clknet_2_0__leaf_clk (net)
                  0.05    0.00    0.37 ^ _264_/CLK (sky130_fd_sc_hd__dfrtp_4)
                  0.10    0.55    0.92 v _264_/Q (sky130_fd_sc_hd__dfrtp_4)
     9    0.03                           u_baud.tick (net)
                  0.10    0.00    0.92 v _147_/A (sky130_fd_sc_hd__and4_2)
                  0.08    0.26    1.18 v _147_/X (sky130_fd_sc_hd__and4_2)
     6    0.02                           _051_ (net)
                  0.08    0.00    1.18 v _148_/B (sky130_fd_sc_hd__and2_1)
                  0.05    0.19    1.37 v _148_/X (sky130_fd_sc_hd__and2_1)
     3    0.01                           _052_ (net)
                  0.05    0.00    1.37 v _193_/B (sky130_fd_sc_hd__and4b_1)
                  0.07    0.21    1.59 v _193_/X (sky130_fd_sc_hd__and4b_1)
     3    0.01                           _082_ (net)
                  0.07    0.00    1.59 v _198_/C (sky130_fd_sc_hd__and3_1)
                  0.06    0.22    1.80 v _198_/X (sky130_fd_sc_hd__and3_1)
     2    0.01                           _086_ (net)
                  0.06    0.00    1.80 v _199_/B1 (sky130_fd_sc_hd__a211oi_1)
                  0.20    0.23    2.03 ^ _199_/Y (sky130_fd_sc_hd__a211oi_1)
     1    0.00                           _021_ (net)
                  0.20    0.00    2.03 ^ _278_/D (sky130_fd_sc_hd__dfrtp_1)
                                  2.03   data arrival time

                          2.50    2.50   clock clk (rise edge)
                          0.00    2.50   clock source latency
                  0.09    0.06    2.56 ^ clk (in)
     1    0.02                           clk (net)
                  0.09    0.00    2.56 ^ clkbuf_0_clk/A (sky130_fd_sc_hd__clkbuf_16)
                  0.06    0.15    2.71 ^ clkbuf_0_clk/X (sky130_fd_sc_hd__clkbuf_16)
     4    0.04                           clknet_0_clk (net)
                  0.06    0.00    2.71 ^ clkbuf_2_0__f_clk/A (sky130_fd_sc_hd__clkbuf_16)
                  0.05    0.13    2.84 ^ clkbuf_2_0__f_clk/X (sky130_fd_sc_hd__clkbuf_16)
     9    0.03                           clknet_2_0__leaf_clk (net)
                  0.05    0.00    2.84 ^ _278_/CLK (sky130_fd_sc_hd__dfrtp_1)
                         -0.25    2.59   clock uncertainty
                          0.04    2.62   clock reconvergence pessimism
                         -0.09    2.53   library setup time
                                  2.53   data required time
-----------------------------------------------------------------------------
                                  2.53   data required time
                                 -2.03   data arrival time
-----------------------------------------------------------------------------
                                  0.50   slack (MET)


Startpoint: rst_n (input port clocked by clk)
Endpoint: _284_ (rising edge-triggered flip-flop clocked by clk)
Path Group: clk
Path Type: max

Fanout     Cap    Slew   Delay    Time   Description
-----------------------------------------------------------------------------
                          0.00    0.00   clock clk (rise edge)
                          0.00    0.00   clock network delay (propagated)
                          0.50    0.50 ^ input external delay
                  0.02    0.01    0.51 ^ rst_n (in)
     1    0.00                           rst_n (net)
                  0.02    0.00    0.51 ^ input1/A (sky130_fd_sc_hd__clkbuf_1)
                  0.06    0.09    0.60 ^ input1/X (sky130_fd_sc_hd__clkbuf_1)
     1    0.00                           net1 (net)
                  0.06    0.00    0.60 ^ hold3/A (sky130_fd_sc_hd__buf_1)
                  0.07    0.11    0.71 ^ hold3/X (sky130_fd_sc_hd__buf_1)
     1    0.00                           net29 (net)
                  0.07    0.00    0.71 ^ hold1/A (sky130_fd_sc_hd__dlygate4sd3_1)
                  0.18    0.67    1.38 ^ hold1/X (sky130_fd_sc_hd__dlygate4sd3_1)
     3    0.02                           net33 (net)
                  0.18    0.00    1.38 ^ fanout24/A (sky130_fd_sc_hd__clkbuf_4)
                  0.14    0.26    1.65 ^ fanout24/X (sky130_fd_sc_hd__clkbuf_4)
     7    0.04                           net24 (net)
                  0.14    0.00    1.65 ^ _208_/B1 (sky130_fd_sc_hd__o21ai_4)
                  0.08    0.11    1.75 v _208_/Y (sky130_fd_sc_hd__o21ai_4)
     7    0.02                           _093_ (net)
                  0.08    0.00    1.76 v _220_/A1 (sky130_fd_sc_hd__o22a_1)
                  0.04    0.23    1.98 v _220_/X (sky130_fd_sc_hd__o22a_1)
     1    0.00                           _027_ (net)
                  0.04    0.00    1.98 v _284_/D (sky130_fd_sc_hd__dfxtp_1)
                                  1.98   data arrival time

                          2.50    2.50   clock clk (rise edge)
                          0.00    2.50   clock source latency
                  0.09    0.06    2.56 ^ clk (in)
     1    0.02                           clk (net)
                  0.09    0.00    2.56 ^ clkbuf_0_clk/A (sky130_fd_sc_hd__clkbuf_16)
                  0.06    0.15    2.71 ^ clkbuf_0_clk/X (sky130_fd_sc_hd__clkbuf_16)
     4    0.04                           clknet_0_clk (net)
                  0.06    0.00    2.71 ^ clkbuf_2_2__f_clk/A (sky130_fd_sc_hd__clkbuf_16)
                  0.05    0.13    2.84 ^ clkbuf_2_2__f_clk/X (sky130_fd_sc_hd__clkbuf_16)
    11    0.03                           clknet_2_2__leaf_clk (net)
                  0.05    0.00    2.84 ^ _284_/CLK (sky130_fd_sc_hd__dfxtp_1)
                         -0.25    2.59   clock uncertainty
                          0.00    2.59   clock reconvergence pessimism
                         -0.11    2.48   library setup time
                                  2.48   data required time
-----------------------------------------------------------------------------
                                  2.48   data required time
                                 -1.98   data arrival time
-----------------------------------------------------------------------------
                                  0.50   slack (MET)


Startpoint: rst_n (input port clocked by clk)
Endpoint: _285_ (rising edge-triggered flip-flop clocked by clk)
Path Group: clk
Path Type: max

Fanout     Cap    Slew   Delay    Time   Description
-----------------------------------------------------------------------------
                          0.00    0.00   clock clk (rise edge)
                          0.00    0.00   clock network delay (propagated)
                          0.50    0.50 ^ input external delay
                  0.02    0.01    0.51 ^ rst_n (in)
     1    0.00                           rst_n (net)
                  0.02    0.00    0.51 ^ input1/A (sky130_fd_sc_hd__clkbuf_1)
                  0.06    0.09    0.60 ^ input1/X (sky130_fd_sc_hd__clkbuf_1)
     1    0.00                           net1 (net)
                  0.06    0.00    0.60 ^ hold3/A (sky130_fd_sc_hd__buf_1)
                  0.07    0.11    0.71 ^ hold3/X (sky130_fd_sc_hd__buf_1)
     1    0.00                           net29 (net)
                  0.07    0.00    0.71 ^ hold1/A (sky130_fd_sc_hd__dlygate4sd3_1)
                  0.18    0.67    1.38 ^ hold1/X (sky130_fd_sc_hd__dlygate4sd3_1)
     3    0.02                           net33 (net)
                  0.18    0.00    1.38 ^ fanout24/A (sky130_fd_sc_hd__clkbuf_4)
                  0.14    0.26    1.65 ^ fanout24/X (sky130_fd_sc_hd__clkbuf_4)
     7    0.04                           net24 (net)
                  0.14    0.00    1.65 ^ _208_/B1 (sky130_fd_sc_hd__o21ai_4)
                  0.08    0.11    1.75 v _208_/Y (sky130_fd_sc_hd__o21ai_4)
     7    0.02                           _093_ (net)
                  0.08    0.00    1.76 v _221_/A1 (sky130_fd_sc_hd__o21a_1)
                  0.03    0.20    1.95 v _221_/X (sky130_fd_sc_hd__o21a_1)
     1    0.00                           _028_ (net)
                  0.03    0.00    1.95 v _285_/D (sky130_fd_sc_hd__dfxtp_1)
                                  1.95   data arrival time

                          2.50    2.50   clock clk (rise edge)
                          0.00    2.50   clock source latency
                  0.09    0.06    2.56 ^ clk (in)
     1    0.02                           clk (net)
                  0.09    0.00    2.56 ^ clkbuf_0_clk/A (sky130_fd_sc_hd__clkbuf_16)
                  0.06    0.15    2.71 ^ clkbuf_0_clk/X (sky130_fd_sc_hd__clkbuf_16)
     4    0.04                           clknet_0_clk (net)
                  0.06    0.00    2.71 ^ clkbuf_2_2__f_clk/A (sky130_fd_sc_hd__clkbuf_16)
                  0.05    0.13    2.84 ^ clkbuf_2_2__f_clk/X (sky130_fd_sc_hd__clkbuf_16)
    11    0.03                           clknet_2_2__leaf_clk (net)
                  0.05    0.00    2.84 ^ _285_/CLK (sky130_fd_sc_hd__dfxtp_1)
                         -0.25    2.59   clock uncertainty
                          0.00    2.59   clock reconvergence pessimism
                         -0.10    2.49   library setup time
                                  2.49   data required time
-----------------------------------------------------------------------------
                                  2.49   data required time
                                 -1.95   data arrival time
-----------------------------------------------------------------------------
                                  0.53   slack (MET)


Startpoint: _264_ (rising edge-triggered flip-flop clocked by clk)
Endpoint: _279_ (rising edge-triggered flip-flop clocked by clk)
Path Group: clk
Path Type: max

Fanout     Cap    Slew   Delay    Time   Description
-----------------------------------------------------------------------------
                          0.00    0.00   clock clk (rise edge)
                          0.00    0.00   clock source latency
                  0.09    0.06    0.06 ^ clk (in)
     1    0.02                           clk (net)
                  0.09    0.00    0.06 ^ clkbuf_0_clk/A (sky130_fd_sc_hd__clkbuf_16)
                  0.06    0.17    0.23 ^ clkbuf_0_clk/X (sky130_fd_sc_hd__clkbuf_16)
     4    0.04                           clknet_0_clk (net)
                  0.06    0.00    0.23 ^ clkbuf_2_0__f_clk/A (sky130_fd_sc_hd__clkbuf_16)
                  0.05    0.14    0.37 ^ clkbuf_2_0__f_clk/X (sky130_fd_sc_hd__clkbuf_16)
     9    0.03                           clknet_2_0__leaf_clk (net)
                  0.05    0.00    0.37 ^ _264_/CLK (sky130_fd_sc_hd__dfrtp_4)
                  0.10    0.55    0.92 v _264_/Q (sky130_fd_sc_hd__dfrtp_4)
     9    0.03                           u_baud.tick (net)
                  0.10    0.00    0.92 v _147_/A (sky130_fd_sc_hd__and4_2)
                  0.08    0.26    1.18 v _147_/X (sky130_fd_sc_hd__and4_2)
     6    0.02                           _051_ (net)
                  0.08    0.00    1.18 v _148_/B (sky130_fd_sc_hd__and2_1)
                  0.05    0.19    1.37 v _148_/X (sky130_fd_sc_hd__and2_1)
     3    0.01                           _052_ (net)
                  0.05    0.00    1.37 v _193_/B (sky130_fd_sc_hd__and4b_1)
                  0.07    0.21    1.59 v _193_/X (sky130_fd_sc_hd__and4b_1)
     3    0.01                           _082_ (net)
                  0.07    0.00    1.59 v _198_/C (sky130_fd_sc_hd__and3_1)
                  0.06    0.22    1.80 v _198_/X (sky130_fd_sc_hd__and3_1)
     2    0.01                           _086_ (net)
                  0.06    0.00    1.80 v _201_/A2 (sky130_fd_sc_hd__o21a_1)
                  0.03    0.17    1.97 v _201_/X (sky130_fd_sc_hd__o21a_1)
     1    0.00                           _022_ (net)
                  0.03    0.00    1.97 v _279_/D (sky130_fd_sc_hd__dfrtp_1)
                                  1.97   data arrival time

                          2.50    2.50   clock clk (rise edge)
                          0.00    2.50   clock source latency
                  0.09    0.06    2.56 ^ clk (in)
     1    0.02                           clk (net)
                  0.09    0.00    2.56 ^ clkbuf_0_clk/A (sky130_fd_sc_hd__clkbuf_16)
                  0.06    0.15    2.71 ^ clkbuf_0_clk/X (sky130_fd_sc_hd__clkbuf_16)
     4    0.04                           clknet_0_clk (net)
                  0.06    0.00    2.71 ^ clkbuf_2_0__f_clk/A (sky130_fd_sc_hd__clkbuf_16)
                  0.05    0.13    2.84 ^ clkbuf_2_0__f_clk/X (sky130_fd_sc_hd__clkbuf_16)
     9    0.03                           clknet_2_0__leaf_clk (net)
                  0.05    0.00    2.84 ^ _279_/CLK (sky130_fd_sc_hd__dfrtp_1)
                         -0.25    2.59   clock uncertainty
                          0.04    2.62   clock reconvergence pessimism
                         -0.11    2.51   library setup time
                                  2.51   data required time
-----------------------------------------------------------------------------
                                  2.51   data required time
                                 -1.97   data arrival time
-----------------------------------------------------------------------------
                                  0.54   slack (MET)


Startpoint: _264_ (rising edge-triggered flip-flop clocked by clk)
Endpoint: _277_ (rising edge-triggered flip-flop clocked by clk)
Path Group: clk
Path Type: max

Fanout     Cap    Slew   Delay    Time   Description
-----------------------------------------------------------------------------
                          0.00    0.00   clock clk (rise edge)
                          0.00    0.00   clock source latency
                  0.09    0.06    0.06 ^ clk (in)
     1    0.02                           clk (net)
                  0.09    0.00    0.06 ^ clkbuf_0_clk/A (sky130_fd_sc_hd__clkbuf_16)
                  0.06    0.17    0.23 ^ clkbuf_0_clk/X (sky130_fd_sc_hd__clkbuf_16)
     4    0.04                           clknet_0_clk (net)
                  0.06    0.00    0.23 ^ clkbuf_2_0__f_clk/A (sky130_fd_sc_hd__clkbuf_16)
                  0.05    0.14    0.37 ^ clkbuf_2_0__f_clk/X (sky130_fd_sc_hd__clkbuf_16)
     9    0.03                           clknet_2_0__leaf_clk (net)
                  0.05    0.00    0.37 ^ _264_/CLK (sky130_fd_sc_hd__dfrtp_4)
                  0.10    0.55    0.92 v _264_/Q (sky130_fd_sc_hd__dfrtp_4)
     9    0.03                           u_baud.tick (net)
                  0.10    0.00    0.92 v _147_/A (sky130_fd_sc_hd__and4_2)
                  0.08    0.26    1.18 v _147_/X (sky130_fd_sc_hd__and4_2)
     6    0.02                           _051_ (net)
                  0.08    0.00    1.18 v _148_/B (sky130_fd_sc_hd__and2_1)
                  0.05    0.19    1.37 v _148_/X (sky130_fd_sc_hd__and2_1)
     3    0.01                           _052_ (net)
                  0.05    0.00    1.37 v _193_/B (sky130_fd_sc_hd__and4b_1)
                  0.07    0.21    1.59 v _193_/X (sky130_fd_sc_hd__and4b_1)
     3    0.01                           _082_ (net)
                  0.07    0.00    1.59 v _195_/A2 (sky130_fd_sc_hd__o21ai_1)
                  0.19    0.20    1.79 ^ _195_/Y (sky130_fd_sc_hd__o21ai_1)
     2    0.01                           _084_ (net)
                  0.19    0.00    1.79 ^ _196_/B1 (sky130_fd_sc_hd__o21a_1)
                  0.06    0.17    1.96 ^ _196_/X (sky130_fd_sc_hd__o21a_1)
     1    0.01                           _020_ (net)
                  0.06    0.00    1.96 ^ _277_/D (sky130_fd_sc_hd__dfrtp_1)
                                  1.96   data arrival time

                          2.50    2.50   clock clk (rise edge)
                          0.00    2.50   clock source latency
                  0.09    0.06    2.56 ^ clk (in)
     1    0.02                           clk (net)
                  0.09    0.00    2.56 ^ clkbuf_0_clk/A (sky130_fd_sc_hd__clkbuf_16)
                  0.06    0.15    2.71 ^ clkbuf_0_clk/X (sky130_fd_sc_hd__clkbuf_16)
     4    0.04                           clknet_0_clk (net)
                  0.06    0.00    2.71 ^ clkbuf_2_0__f_clk/A (sky130_fd_sc_hd__clkbuf_16)
                  0.05    0.13    2.84 ^ clkbuf_2_0__f_clk/X (sky130_fd_sc_hd__clkbuf_16)
     9    0.03                           clknet_2_0__leaf_clk (net)
                  0.05    0.00    2.84 ^ _277_/CLK (sky130_fd_sc_hd__dfrtp_1)
                         -0.25    2.59   clock uncertainty
                          0.04    2.62   clock reconvergence pessimism
                         -0.06    2.56   library setup time
                                  2.56   data required time
-----------------------------------------------------------------------------
                                  2.56   data required time
                                 -1.96   data arrival time
-----------------------------------------------------------------------------
                                  0.60   slack (MET)


Startpoint: _285_ (rising edge-triggered flip-flop clocked by clk)
Endpoint: _265_ (rising edge-triggered flip-flop clocked by clk)
Path Group: clk
Path Type: max

Fanout     Cap    Slew   Delay    Time   Description
-----------------------------------------------------------------------------
                          0.00    0.00   clock clk (rise edge)
                          0.00    0.00   clock source latency
                  0.09    0.06    0.06 ^ clk (in)
     1    0.02                           clk (net)
                  0.09    0.00    0.06 ^ clkbuf_0_clk/A (sky130_fd_sc_hd__clkbuf_16)
                  0.06    0.17    0.23 ^ clkbuf_0_clk/X (sky130_fd_sc_hd__clkbuf_16)
     4    0.04                           clknet_0_clk (net)
                  0.06    0.00    0.23 ^ clkbuf_2_2__f_clk/A (sky130_fd_sc_hd__clkbuf_16)
                  0.05    0.15    0.38 ^ clkbuf_2_2__f_clk/X (sky130_fd_sc_hd__clkbuf_16)
    11    0.03                           clknet_2_2__leaf_clk (net)
                  0.05    0.00    0.38 ^ _285_/CLK (sky130_fd_sc_hd__dfxtp_1)
                  0.04    0.32    0.70 v _285_/Q (sky130_fd_sc_hd__dfxtp_1)
     2    0.01                           u_tx.tick_cnt[4] (net)
                  0.04    0.00    0.70 v hold5/A (sky130_fd_sc_hd__dlygate4sd3_1)
                  0.07    0.59    1.29 v hold5/X (sky130_fd_sc_hd__dlygate4sd3_1)
     2    0.01                           net31 (net)
                  0.07    0.00    1.29 v _154_/B (sky130_fd_sc_hd__nor3b_1)
                  0.25    0.26    1.55 ^ _154_/Y (sky130_fd_sc_hd__nor3b_1)
     2    0.01                           _056_ (net)
                  0.25    0.00    1.55 ^ _159_/C (sky130_fd_sc_hd__and4_1)
                  0.06    0.23    1.78 ^ _159_/X (sky130_fd_sc_hd__and4_1)
     1    0.00                           _060_ (net)
                  0.06    0.00    1.78 ^ _160_/C1 (sky130_fd_sc_hd__a221o_1)
                  0.05    0.10    1.88 ^ _160_/X (sky130_fd_sc_hd__a221o_1)
     1    0.00                           _008_ (net)
                  0.05    0.00    1.88 ^ _265_/D (sky130_fd_sc_hd__dfrtp_4)
                                  1.88   data arrival time

                          2.50    2.50   clock clk (rise edge)
                          0.00    2.50   clock source latency
                  0.09    0.06    2.56 ^ clk (in)
     1    0.02                           clk (net)
                  0.09    0.00    2.56 ^ clkbuf_0_clk/A (sky130_fd_sc_hd__clkbuf_16)
                  0.06    0.15    2.71 ^ clkbuf_0_clk/X (sky130_fd_sc_hd__clkbuf_16)
     4    0.04                           clknet_0_clk (net)
                  0.06    0.00    2.71 ^ clkbuf_2_3__f_clk/A (sky130_fd_sc_hd__clkbuf_16)
                  0.05    0.13    2.84 ^ clkbuf_2_3__f_clk/X (sky130_fd_sc_hd__clkbuf_16)
    10    0.03                           clknet_2_3__leaf_clk (net)
                  0.05    0.00    2.84 ^ _265_/CLK (sky130_fd_sc_hd__dfrtp_4)
                         -0.25    2.59   clock uncertainty
                          0.02    2.61   clock reconvergence pessimism
                         -0.06    2.55   library setup time
                                  2.55   data required time
-----------------------------------------------------------------------------
                                  2.55   data required time
                                 -1.88   data arrival time
-----------------------------------------------------------------------------
                                  0.67   slack (MET)


Startpoint: _285_ (rising edge-triggered flip-flop clocked by clk)
Endpoint: _258_ (rising edge-triggered flip-flop clocked by clk)
Path Group: clk
Path Type: max

Fanout     Cap    Slew   Delay    Time   Description
-----------------------------------------------------------------------------
                          0.00    0.00   clock clk (rise edge)
                          0.00    0.00   clock source latency
                  0.09    0.06    0.06 ^ clk (in)
     1    0.02                           clk (net)
                  0.09    0.00    0.06 ^ clkbuf_0_clk/A (sky130_fd_sc_hd__clkbuf_16)
                  0.06    0.17    0.23 ^ clkbuf_0_clk/X (sky130_fd_sc_hd__clkbuf_16)
     4    0.04                           clknet_0_clk (net)
                  0.06    0.00    0.23 ^ clkbuf_2_2__f_clk/A (sky130_fd_sc_hd__clkbuf_16)
                  0.05    0.15    0.38 ^ clkbuf_2_2__f_clk/X (sky130_fd_sc_hd__clkbuf_16)
    11    0.03                           clknet_2_2__leaf_clk (net)
                  0.05    0.00    0.38 ^ _285_/CLK (sky130_fd_sc_hd__dfxtp_1)
                  0.04    0.32    0.70 v _285_/Q (sky130_fd_sc_hd__dfxtp_1)
     2    0.01                           u_tx.tick_cnt[4] (net)
                  0.04    0.00    0.70 v hold5/A (sky130_fd_sc_hd__dlygate4sd3_1)
                  0.07    0.59    1.29 v hold5/X (sky130_fd_sc_hd__dlygate4sd3_1)
     2    0.01                           net31 (net)
                  0.07    0.00    1.29 v _154_/B (sky130_fd_sc_hd__nor3b_1)
                  0.25    0.26    1.55 ^ _154_/Y (sky130_fd_sc_hd__nor3b_1)
     2    0.01                           _056_ (net)
                  0.25    0.00    1.55 ^ _155_/B (sky130_fd_sc_hd__nand2_1)
                  0.08    0.12    1.67 v _155_/Y (sky130_fd_sc_hd__nand2_1)
     1    0.01                           _057_ (net)
                  0.08    0.00    1.67 v _156_/B (sky130_fd_sc_hd__xnor2_1)
                  0.05    0.14    1.81 v _156_/Y (sky130_fd_sc_hd__xnor2_1)
     1    0.00                           _007_ (net)
                  0.05    0.00    1.81 v _258_/D (sky130_fd_sc_hd__dfrtp_4)
                                  1.81   data arrival time

                          2.50    2.50   clock clk (rise edge)
                          0.00    2.50   clock source latency
                  0.09    0.06    2.56 ^ clk (in)
     1    0.02                           clk (net)
                  0.09    0.00    2.56 ^ clkbuf_0_clk/A (sky130_fd_sc_hd__clkbuf_16)
                  0.06    0.15    2.71 ^ clkbuf_0_clk/X (sky130_fd_sc_hd__clkbuf_16)
     4    0.04                           clknet_0_clk (net)
                  0.06    0.00    2.71 ^ clkbuf_2_3__f_clk/A (sky130_fd_sc_hd__clkbuf_16)
                  0.05    0.13    2.84 ^ clkbuf_2_3__f_clk/X (sky130_fd_sc_hd__clkbuf_16)
    10    0.03                           clknet_2_3__leaf_clk (net)
                  0.05    0.00    2.84 ^ _258_/CLK (sky130_fd_sc_hd__dfrtp_4)
                         -0.25    2.59   clock uncertainty
                          0.02    2.61   clock reconvergence pessimism
                         -0.12    2.50   library setup time
                                  2.50   data required time
-----------------------------------------------------------------------------
                                  2.50   data required time
                                 -1.81   data arrival time
-----------------------------------------------------------------------------
                                  0.69   slack (MET)


Startpoint: _276_ (rising edge-triggered flip-flop clocked by clk)
Endpoint: rx_data[7] (output port clocked by clk)
Path Group: clk
Path Type: max

Fanout     Cap    Slew   Delay    Time   Description
-----------------------------------------------------------------------------
                          0.00    0.00   clock clk (rise edge)
                          0.00    0.00   clock source latency
                  0.09    0.06    0.06 ^ clk (in)
     1    0.02                           clk (net)
                  0.09    0.00    0.06 ^ clkbuf_0_clk/A (sky130_fd_sc_hd__clkbuf_16)
                  0.06    0.17    0.23 ^ clkbuf_0_clk/X (sky130_fd_sc_hd__clkbuf_16)
     4    0.04                           clknet_0_clk (net)
                  0.06    0.00    0.23 ^ clkbuf_2_2__f_clk/A (sky130_fd_sc_hd__clkbuf_16)
                  0.05    0.15    0.38 ^ clkbuf_2_2__f_clk/X (sky130_fd_sc_hd__clkbuf_16)
    11    0.03                           clknet_2_2__leaf_clk (net)
                  0.05    0.00    0.38 ^ _276_/CLK (sky130_fd_sc_hd__dfrtp_1)
                  0.15    0.42    0.80 ^ _276_/Q (sky130_fd_sc_hd__dfrtp_1)
     3    0.02                           net19 (net)
                  0.15    0.00    0.80 ^ output19/A (sky130_fd_sc_hd__clkbuf_4)
                  0.11    0.23    1.03 ^ output19/X (sky130_fd_sc_hd__clkbuf_4)
     1    0.03                           rx_data[7] (net)
                  0.11    0.00    1.03 ^ rx_data[7] (out)
                                  1.03   data arrival time

                          2.50    2.50   clock clk (rise edge)
                          0.00    2.50   clock network delay (propagated)
                         -0.25    2.25   clock uncertainty
                          0.00    2.25   clock reconvergence pessimism
                         -0.50    1.75   output external delay
                                  1.75   data required time
-----------------------------------------------------------------------------
                                  1.75   data required time
                                 -1.03   data arrival time
-----------------------------------------------------------------------------
                                  0.72   slack (MET)


Startpoint: _274_ (rising edge-triggered flip-flop clocked by clk)
Endpoint: rx_data[5] (output port clocked by clk)
Path Group: clk
Path Type: max

Fanout     Cap    Slew   Delay    Time   Description
-----------------------------------------------------------------------------
                          0.00    0.00   clock clk (rise edge)
                          0.00    0.00   clock source latency
                  0.09    0.06    0.06 ^ clk (in)
     1    0.02                           clk (net)
                  0.09    0.00    0.06 ^ clkbuf_0_clk/A (sky130_fd_sc_hd__clkbuf_16)
                  0.06    0.17    0.23 ^ clkbuf_0_clk/X (sky130_fd_sc_hd__clkbuf_16)
     4    0.04                           clknet_0_clk (net)
                  0.06    0.00    0.23 ^ clkbuf_2_2__f_clk/A (sky130_fd_sc_hd__clkbuf_16)
                  0.05    0.15    0.38 ^ clkbuf_2_2__f_clk/X (sky130_fd_sc_hd__clkbuf_16)
    11    0.03                           clknet_2_2__leaf_clk (net)
                  0.05    0.00    0.38 ^ _274_/CLK (sky130_fd_sc_hd__dfrtp_1)
                  0.15    0.42    0.80 ^ _274_/Q (sky130_fd_sc_hd__dfrtp_1)
     3    0.02                           net17 (net)
                  0.15    0.00    0.80 ^ output17/A (sky130_fd_sc_hd__clkbuf_4)
                  0.11    0.23    1.03 ^ output17/X (sky130_fd_sc_hd__clkbuf_4)
     1    0.03                           rx_data[5] (net)
                  0.11    0.00    1.03 ^ rx_data[5] (out)
                                  1.03   data arrival time

                          2.50    2.50   clock clk (rise edge)
                          0.00    2.50   clock network delay (propagated)
                         -0.25    2.25   clock uncertainty
                          0.00    2.25   clock reconvergence pessimism
                         -0.50    1.75   output external delay
                                  1.75   data required time
-----------------------------------------------------------------------------
                                  1.75   data required time
                                 -1.03   data arrival time
-----------------------------------------------------------------------------
                                  0.72   slack (MET)


Startpoint: _273_ (rising edge-triggered flip-flop clocked by clk)
Endpoint: rx_data[4] (output port clocked by clk)
Path Group: clk
Path Type: max

Fanout     Cap    Slew   Delay    Time   Description
-----------------------------------------------------------------------------
                          0.00    0.00   clock clk (rise edge)
                          0.00    0.00   clock source latency
                  0.09    0.06    0.06 ^ clk (in)
     1    0.02                           clk (net)
                  0.09    0.00    0.06 ^ clkbuf_0_clk/A (sky130_fd_sc_hd__clkbuf_16)
                  0.06    0.17    0.23 ^ clkbuf_0_clk/X (sky130_fd_sc_hd__clkbuf_16)
     4    0.04                           clknet_0_clk (net)
                  0.06    0.00    0.23 ^ clkbuf_2_3__f_clk/A (sky130_fd_sc_hd__clkbuf_16)
                  0.05    0.15    0.38 ^ clkbuf_2_3__f_clk/X (sky130_fd_sc_hd__clkbuf_16)
    10    0.03                           clknet_2_3__leaf_clk (net)
                  0.05    0.00    0.38 ^ _273_/CLK (sky130_fd_sc_hd__dfrtp_1)
                  0.08    0.43    0.80 v _273_/Q (sky130_fd_sc_hd__dfrtp_1)
     3    0.01                           net16 (net)
                  0.08    0.00    0.81 v output16/A (sky130_fd_sc_hd__clkbuf_4)
                  0.08    0.21    1.02 v output16/X (sky130_fd_sc_hd__clkbuf_4)
     1    0.03                           rx_data[4] (net)
                  0.08    0.00    1.02 v rx_data[4] (out)
                                  1.02   data arrival time

                          2.50    2.50   clock clk (rise edge)
                          0.00    2.50   clock network delay (propagated)
                         -0.25    2.25   clock uncertainty
                          0.00    2.25   clock reconvergence pessimism
                         -0.50    1.75   output external delay
                                  1.75   data required time
-----------------------------------------------------------------------------
                                  1.75   data required time
                                 -1.02   data arrival time
-----------------------------------------------------------------------------
                                  0.73   slack (MET)


Startpoint: _271_ (rising edge-triggered flip-flop clocked by clk)
Endpoint: rx_data[2] (output port clocked by clk)
Path Group: clk
Path Type: max

Fanout     Cap    Slew   Delay    Time   Description
-----------------------------------------------------------------------------
                          0.00    0.00   clock clk (rise edge)
                          0.00    0.00   clock source latency
                  0.09    0.06    0.06 ^ clk (in)
     1    0.02                           clk (net)
                  0.09    0.00    0.06 ^ clkbuf_0_clk/A (sky130_fd_sc_hd__clkbuf_16)
                  0.06    0.17    0.23 ^ clkbuf_0_clk/X (sky130_fd_sc_hd__clkbuf_16)
     4    0.04                           clknet_0_clk (net)
                  0.06    0.00    0.23 ^ clkbuf_2_1__f_clk/A (sky130_fd_sc_hd__clkbuf_16)
                  0.06    0.15    0.38 ^ clkbuf_2_1__f_clk/X (sky130_fd_sc_hd__clkbuf_16)
    11    0.03                           clknet_2_1__leaf_clk (net)
                  0.06    0.00    0.38 ^ _271_/CLK (sky130_fd_sc_hd__dfrtp_1)
                  0.08    0.42    0.80 v _271_/Q (sky130_fd_sc_hd__dfrtp_1)
     3    0.01                           net14 (net)
                  0.08    0.00    0.80 v output14/A (sky130_fd_sc_hd__clkbuf_4)
                  0.08    0.21    1.01 v output14/X (sky130_fd_sc_hd__clkbuf_4)
     1    0.03                           rx_data[2] (net)
                  0.08    0.00    1.01 v rx_data[2] (out)
                                  1.01   data arrival time

                          2.50    2.50   clock clk (rise edge)
                          0.00    2.50   clock network delay (propagated)
                         -0.25    2.25   clock uncertainty
                          0.00    2.25   clock reconvergence pessimism
                         -0.50    1.75   output external delay
                                  1.75   data required time
-----------------------------------------------------------------------------
                                  1.75   data required time
                                 -1.01   data arrival time
-----------------------------------------------------------------------------
                                  0.74   slack (MET)


Startpoint: _272_ (rising edge-triggered flip-flop clocked by clk)
Endpoint: rx_data[3] (output port clocked by clk)
Path Group: clk
Path Type: max

Fanout     Cap    Slew   Delay    Time   Description
-----------------------------------------------------------------------------
                          0.00    0.00   clock clk (rise edge)
                          0.00    0.00   clock source latency
                  0.09    0.06    0.06 ^ clk (in)
     1    0.02                           clk (net)
                  0.09    0.00    0.06 ^ clkbuf_0_clk/A (sky130_fd_sc_hd__clkbuf_16)
                  0.06    0.17    0.23 ^ clkbuf_0_clk/X (sky130_fd_sc_hd__clkbuf_16)
     4    0.04                           clknet_0_clk (net)
                  0.06    0.00    0.23 ^ clkbuf_2_1__f_clk/A (sky130_fd_sc_hd__clkbuf_16)
                  0.06    0.15    0.38 ^ clkbuf_2_1__f_clk/X (sky130_fd_sc_hd__clkbuf_16)
    11    0.03                           clknet_2_1__leaf_clk (net)
                  0.06    0.00    0.38 ^ _272_/CLK (sky130_fd_sc_hd__dfrtp_1)
                  0.06    0.41    0.79 v _272_/Q (sky130_fd_sc_hd__dfrtp_1)
     3    0.01                           net15 (net)
                  0.06    0.00    0.79 v output15/A (sky130_fd_sc_hd__clkbuf_4)
                  0.08    0.20    0.99 v output15/X (sky130_fd_sc_hd__clkbuf_4)
     1    0.03                           rx_data[3] (net)
                  0.08    0.00    0.99 v rx_data[3] (out)
                                  0.99   data arrival time

                          2.50    2.50   clock clk (rise edge)
                          0.00    2.50   clock network delay (propagated)
                         -0.25    2.25   clock uncertainty
                          0.00    2.25   clock reconvergence pessimism
                         -0.50    1.75   output external delay
                                  1.75   data required time
-----------------------------------------------------------------------------
                                  1.75   data required time
                                 -0.99   data arrival time
-----------------------------------------------------------------------------
                                  0.76   slack (MET)


Startpoint: _275_ (rising edge-triggered flip-flop clocked by clk)
Endpoint: rx_data[6] (output port clocked by clk)
Path Group: clk
Path Type: max

Fanout     Cap    Slew   Delay    Time   Description
-----------------------------------------------------------------------------
                          0.00    0.00   clock clk (rise edge)
                          0.00    0.00   clock source latency
                  0.09    0.06    0.06 ^ clk (in)
     1    0.02                           clk (net)
                  0.09    0.00    0.06 ^ clkbuf_0_clk/A (sky130_fd_sc_hd__clkbuf_16)
                  0.06    0.17    0.23 ^ clkbuf_0_clk/X (sky130_fd_sc_hd__clkbuf_16)
     4    0.04                           clknet_0_clk (net)
                  0.06    0.00    0.23 ^ clkbuf_2_2__f_clk/A (sky130_fd_sc_hd__clkbuf_16)
                  0.05    0.15    0.38 ^ clkbuf_2_2__f_clk/X (sky130_fd_sc_hd__clkbuf_16)
    11    0.03                           clknet_2_2__leaf_clk (net)
                  0.05    0.00    0.38 ^ _275_/CLK (sky130_fd_sc_hd__dfrtp_1)
                  0.06    0.40    0.78 v _275_/Q (sky130_fd_sc_hd__dfrtp_1)
     3    0.01                           net18 (net)
                  0.06    0.00    0.78 v output18/A (sky130_fd_sc_hd__clkbuf_4)
                  0.08    0.20    0.98 v output18/X (sky130_fd_sc_hd__clkbuf_4)
     1    0.03                           rx_data[6] (net)
                  0.08    0.00    0.98 v rx_data[6] (out)
                                  0.98   data arrival time

                          2.50    2.50   clock clk (rise edge)
                          0.00    2.50   clock network delay (propagated)
                         -0.25    2.25   clock uncertainty
                          0.00    2.25   clock reconvergence pessimism
                         -0.50    1.75   output external delay
                                  1.75   data required time
-----------------------------------------------------------------------------
                                  1.75   data required time
                                 -0.98   data arrival time
-----------------------------------------------------------------------------
                                  0.77   slack (MET)


Startpoint: _270_ (rising edge-triggered flip-flop clocked by clk)
Endpoint: rx_data[1] (output port clocked by clk)
Path Group: clk
Path Type: max

Fanout     Cap    Slew   Delay    Time   Description
-----------------------------------------------------------------------------
                          0.00    0.00   clock clk (rise edge)
                          0.00    0.00   clock source latency
                  0.09    0.06    0.06 ^ clk (in)
     1    0.02                           clk (net)
                  0.09    0.00    0.06 ^ clkbuf_0_clk/A (sky130_fd_sc_hd__clkbuf_16)
                  0.06    0.17    0.23 ^ clkbuf_0_clk/X (sky130_fd_sc_hd__clkbuf_16)
     4    0.04                           clknet_0_clk (net)
                  0.06    0.00    0.23 ^ clkbuf_2_0__f_clk/A (sky130_fd_sc_hd__clkbuf_16)
                  0.05    0.14    0.37 ^ clkbuf_2_0__f_clk/X (sky130_fd_sc_hd__clkbuf_16)
     9    0.03                           clknet_2_0__leaf_clk (net)
                  0.05    0.00    0.37 ^ _270_/CLK (sky130_fd_sc_hd__dfrtp_1)
                  0.06    0.40    0.77 v _270_/Q (sky130_fd_sc_hd__dfrtp_1)
     3    0.01                           net13 (net)
                  0.06    0.00    0.77 v output13/A (sky130_fd_sc_hd__clkbuf_4)
                  0.08    0.20    0.97 v output13/X (sky130_fd_sc_hd__clkbuf_4)
     1    0.03                           rx_data[1] (net)
                  0.08    0.00    0.97 v rx_data[1] (out)
                                  0.97   data arrival time

                          2.50    2.50   clock clk (rise edge)
                          0.00    2.50   clock network delay (propagated)
                         -0.25    2.25   clock uncertainty
                          0.00    2.25   clock reconvergence pessimism
                         -0.50    1.75   output external delay
                                  1.75   data required time
-----------------------------------------------------------------------------
                                  1.75   data required time
                                 -0.97   data arrival time
-----------------------------------------------------------------------------
                                  0.78   slack (MET)


Startpoint: _269_ (rising edge-triggered flip-flop clocked by clk)
Endpoint: rx_data[0] (output port clocked by clk)
Path Group: clk
Path Type: max

Fanout     Cap    Slew   Delay    Time   Description
-----------------------------------------------------------------------------
                          0.00    0.00   clock clk (rise edge)
                          0.00    0.00   clock source latency
                  0.09    0.06    0.06 ^ clk (in)
     1    0.02                           clk (net)
                  0.09    0.00    0.06 ^ clkbuf_0_clk/A (sky130_fd_sc_hd__clkbuf_16)
                  0.06    0.17    0.23 ^ clkbuf_0_clk/X (sky130_fd_sc_hd__clkbuf_16)
     4    0.04                           clknet_0_clk (net)
                  0.06    0.00    0.23 ^ clkbuf_2_0__f_clk/A (sky130_fd_sc_hd__clkbuf_16)
                  0.05    0.14    0.37 ^ clkbuf_2_0__f_clk/X (sky130_fd_sc_hd__clkbuf_16)
     9    0.03                           clknet_2_0__leaf_clk (net)
                  0.05    0.00    0.37 ^ _269_/CLK (sky130_fd_sc_hd__dfrtp_1)
                  0.06    0.40    0.77 v _269_/Q (sky130_fd_sc_hd__dfrtp_1)
     2    0.01                           net12 (net)
                  0.06    0.00    0.77 v output12/A (sky130_fd_sc_hd__clkbuf_4)
                  0.08    0.20    0.97 v output12/X (sky130_fd_sc_hd__clkbuf_4)
     1    0.03                           rx_data[0] (net)
                  0.08    0.00    0.97 v rx_data[0] (out)
                                  0.97   data arrival time

                          2.50    2.50   clock clk (rise edge)
                          0.00    2.50   clock network delay (propagated)
                         -0.25    2.25   clock uncertainty
                          0.00    2.25   clock reconvergence pessimism
                         -0.50    1.75   output external delay
                                  1.75   data required time
-----------------------------------------------------------------------------
                                  1.75   data required time
                                 -0.97   data arrival time
-----------------------------------------------------------------------------
                                  0.78   slack (MET)


Startpoint: _264_ (rising edge-triggered flip-flop clocked by clk)
Endpoint: _257_ (rising edge-triggered flip-flop clocked by clk)
Path Group: clk
Path Type: max

Fanout     Cap    Slew   Delay    Time   Description
-----------------------------------------------------------------------------
                          0.00    0.00   clock clk (rise edge)
                          0.00    0.00   clock source latency
                  0.09    0.06    0.06 ^ clk (in)
     1    0.02                           clk (net)
                  0.09    0.00    0.06 ^ clkbuf_0_clk/A (sky130_fd_sc_hd__clkbuf_16)
                  0.06    0.17    0.23 ^ clkbuf_0_clk/X (sky130_fd_sc_hd__clkbuf_16)
     4    0.04                           clknet_0_clk (net)
                  0.06    0.00    0.23 ^ clkbuf_2_0__f_clk/A (sky130_fd_sc_hd__clkbuf_16)
                  0.05    0.14    0.37 ^ clkbuf_2_0__f_clk/X (sky130_fd_sc_hd__clkbuf_16)
     9    0.03                           clknet_2_0__leaf_clk (net)
                  0.05    0.00    0.37 ^ _264_/CLK (sky130_fd_sc_hd__dfrtp_4)
                  0.10    0.55    0.92 v _264_/Q (sky130_fd_sc_hd__dfrtp_4)
     9    0.03                           u_baud.tick (net)
                  0.10    0.00    0.92 v _147_/A (sky130_fd_sc_hd__and4_2)
                  0.08    0.26    1.18 v _147_/X (sky130_fd_sc_hd__and4_2)
     6    0.02                           _051_ (net)
                  0.08    0.00    1.18 v _148_/B (sky130_fd_sc_hd__and2_1)
                  0.05    0.19    1.37 v _148_/X (sky130_fd_sc_hd__and2_1)
     3    0.01                           _052_ (net)
                  0.05    0.00    1.37 v _149_/C (sky130_fd_sc_hd__and3_1)
                  0.04    0.18    1.56 v _149_/X (sky130_fd_sc_hd__and3_1)
     1    0.00                           _053_ (net)
                  0.04    0.00    1.56 v _150_/A (sky130_fd_sc_hd__clkbuf_1)
                  0.04    0.10    1.66 v _150_/X (sky130_fd_sc_hd__clkbuf_1)
     2    0.01                           net20 (net)
                  0.04    0.00    1.66 v _152_/A (sky130_fd_sc_hd__nor2_1)
                  0.07    0.10    1.76 ^ _152_/Y (sky130_fd_sc_hd__nor2_1)
     1    0.00                           _006_ (net)
                  0.07    0.00    1.76 ^ _257_/D (sky130_fd_sc_hd__dfrtp_2)
                                  1.76   data arrival time

                          2.50    2.50   clock clk (rise edge)
                          0.00    2.50   clock source latency
                  0.09    0.06    2.56 ^ clk (in)
     1    0.02                           clk (net)
                  0.09    0.00    2.56 ^ clkbuf_0_clk/A (sky130_fd_sc_hd__clkbuf_16)
                  0.06    0.15    2.71 ^ clkbuf_0_clk/X (sky130_fd_sc_hd__clkbuf_16)
     4    0.04                           clknet_0_clk (net)
                  0.06    0.00    2.71 ^ clkbuf_2_0__f_clk/A (sky130_fd_sc_hd__clkbuf_16)
                  0.05    0.13    2.84 ^ clkbuf_2_0__f_clk/X (sky130_fd_sc_hd__clkbuf_16)
     9    0.03                           clknet_2_0__leaf_clk (net)
                  0.05    0.00    2.84 ^ _257_/CLK (sky130_fd_sc_hd__dfrtp_2)
                         -0.25    2.59   clock uncertainty
                          0.04    2.62   clock reconvergence pessimism
                         -0.07    2.55   library setup time
                                  2.55   data required time
-----------------------------------------------------------------------------
                                  2.55   data required time
                                 -1.76   data arrival time
-----------------------------------------------------------------------------
                                  0.80   slack (MET)


Startpoint: _280_ (rising edge-triggered flip-flop clocked by clk)
Endpoint: _280_ (rising edge-triggered flip-flop clocked by clk)
Path Group: clk
Path Type: max

Fanout     Cap    Slew   Delay    Time   Description
-----------------------------------------------------------------------------
                          0.00    0.00   clock clk (rise edge)
                          0.00    0.00   clock source latency
                  0.09    0.06    0.06 ^ clk (in)
     1    0.02                           clk (net)
                  0.09    0.00    0.06 ^ clkbuf_0_clk/A (sky130_fd_sc_hd__clkbuf_16)
                  0.06    0.17    0.23 ^ clkbuf_0_clk/X (sky130_fd_sc_hd__clkbuf_16)
     4    0.04                           clknet_0_clk (net)
                  0.06    0.00    0.23 ^ clkbuf_2_2__f_clk/A (sky130_fd_sc_hd__clkbuf_16)
                  0.05    0.15    0.38 ^ clkbuf_2_2__f_clk/X (sky130_fd_sc_hd__clkbuf_16)
    11    0.03                           clknet_2_2__leaf_clk (net)
                  0.05    0.00    0.38 ^ _280_/CLK (sky130_fd_sc_hd__dfrtp_2)
                  0.08    0.46    0.83 v _280_/Q (sky130_fd_sc_hd__dfrtp_2)
     7    0.02                           u_rx.state[0] (net)
                  0.08    0.00    0.83 v hold20/A (sky130_fd_sc_hd__dlygate4sd3_1)
                  0.08    0.63    1.46 v hold20/X (sky130_fd_sc_hd__dlygate4sd3_1)
     2    0.01                           net46 (net)
                  0.08    0.00    1.46 v _207_/A1 (sky130_fd_sc_hd__a22o_1)
                  0.04    0.23    1.69 v _207_/X (sky130_fd_sc_hd__a22o_1)
     1    0.00                           _023_ (net)
                  0.04    0.00    1.69 v _280_/D (sky130_fd_sc_hd__dfrtp_2)
                                  1.69   data arrival time

                          2.50    2.50   clock clk (rise edge)
                          0.00    2.50   clock source latency
                  0.09    0.06    2.56 ^ clk (in)
     1    0.02                           clk (net)
                  0.09    0.00    2.56 ^ clkbuf_0_clk/A (sky130_fd_sc_hd__clkbuf_16)
                  0.06    0.15    2.71 ^ clkbuf_0_clk/X (sky130_fd_sc_hd__clkbuf_16)
     4    0.04                           clknet_0_clk (net)
                  0.06    0.00    2.71 ^ clkbuf_2_2__f_clk/A (sky130_fd_sc_hd__clkbuf_16)
                  0.05    0.13    2.84 ^ clkbuf_2_2__f_clk/X (sky130_fd_sc_hd__clkbuf_16)
    11    0.03                           clknet_2_2__leaf_clk (net)
                  0.05    0.00    2.84 ^ _280_/CLK (sky130_fd_sc_hd__dfrtp_2)
                         -0.25    2.59   clock uncertainty
                          0.04    2.63   clock reconvergence pessimism
                         -0.11    2.51   library setup time
                                  2.51   data required time
-----------------------------------------------------------------------------
                                  2.51   data required time
                                 -1.69   data arrival time
-----------------------------------------------------------------------------
                                  0.82   slack (MET)


Startpoint: _264_ (rising edge-triggered flip-flop clocked by clk)
Endpoint: _297_ (rising edge-triggered flip-flop clocked by clk)
Path Group: clk
Path Type: max

Fanout     Cap    Slew   Delay    Time   Description
-----------------------------------------------------------------------------
                          0.00    0.00   clock clk (rise edge)
                          0.00    0.00   clock source latency
                  0.09    0.06    0.06 ^ clk (in)
     1    0.02                           clk (net)
                  0.09    0.00    0.06 ^ clkbuf_0_clk/A (sky130_fd_sc_hd__clkbuf_16)
                  0.06    0.17    0.23 ^ clkbuf_0_clk/X (sky130_fd_sc_hd__clkbuf_16)
     4    0.04                           clknet_0_clk (net)
                  0.06    0.00    0.23 ^ clkbuf_2_0__f_clk/A (sky130_fd_sc_hd__clkbuf_16)
                  0.05    0.14    0.37 ^ clkbuf_2_0__f_clk/X (sky130_fd_sc_hd__clkbuf_16)
     9    0.03                           clknet_2_0__leaf_clk (net)
                  0.05    0.00    0.37 ^ _264_/CLK (sky130_fd_sc_hd__dfrtp_4)
                  0.10    0.55    0.92 v _264_/Q (sky130_fd_sc_hd__dfrtp_4)
     9    0.03                           u_baud.tick (net)
                  0.10    0.00    0.92 v _147_/A (sky130_fd_sc_hd__and4_2)
                  0.08    0.26    1.18 v _147_/X (sky130_fd_sc_hd__and4_2)
     6    0.02                           _051_ (net)
                  0.08    0.00    1.18 v _254_/B (sky130_fd_sc_hd__or2_1)
                  0.04    0.22    1.40 v _254_/X (sky130_fd_sc_hd__or2_1)
     1    0.00                           _123_ (net)
                  0.04    0.00    1.40 v _255_/C (sky130_fd_sc_hd__and3_1)
                  0.04    0.19    1.59 v _255_/X (sky130_fd_sc_hd__and3_1)
     1    0.00                           _124_ (net)
                  0.04    0.00    1.59 v _256_/A (sky130_fd_sc_hd__clkbuf_1)
                  0.03    0.09    1.68 v _256_/X (sky130_fd_sc_hd__clkbuf_1)
     1    0.00                           _040_ (net)
                  0.03    0.00    1.68 v _297_/D (sky130_fd_sc_hd__dfrtp_1)
                                  1.68   data arrival time

                          2.50    2.50   clock clk (rise edge)
                          0.00    2.50   clock source latency
                  0.09    0.06    2.56 ^ clk (in)
     1    0.02                           clk (net)
                  0.09    0.00    2.56 ^ clkbuf_0_clk/A (sky130_fd_sc_hd__clkbuf_16)
                  0.06    0.15    2.71 ^ clkbuf_0_clk/X (sky130_fd_sc_hd__clkbuf_16)
     4    0.04                           clknet_0_clk (net)
                  0.06    0.00    2.71 ^ clkbuf_2_2__f_clk/A (sky130_fd_sc_hd__clkbuf_16)
                  0.05    0.13    2.84 ^ clkbuf_2_2__f_clk/X (sky130_fd_sc_hd__clkbuf_16)
    11    0.03                           clknet_2_2__leaf_clk (net)
                  0.05    0.00    2.84 ^ _297_/CLK (sky130_fd_sc_hd__dfrtp_1)
                         -0.25    2.59   clock uncertainty
                          0.02    2.61   clock reconvergence pessimism
                         -0.11    2.51   library setup time
                                  2.51   data required time
-----------------------------------------------------------------------------
                                  2.51   data required time
                                 -1.68   data arrival time
-----------------------------------------------------------------------------
                                  0.82   slack (MET)


Startpoint: rst_n (input port clocked by clk)
Endpoint: _264_ (recovery check against rising-edge clock clk)
Path Group: asynchronous
Path Type: max

Fanout     Cap    Slew   Delay    Time   Description
-----------------------------------------------------------------------------
                          0.00    0.00   clock clk (rise edge)
                          0.00    0.00   clock network delay (propagated)
                          0.50    0.50 ^ input external delay
                  0.02    0.01    0.51 ^ rst_n (in)
     1    0.00                           rst_n (net)
                  0.02    0.00    0.51 ^ input1/A (sky130_fd_sc_hd__clkbuf_1)
                  0.06    0.09    0.60 ^ input1/X (sky130_fd_sc_hd__clkbuf_1)
     1    0.00                           net1 (net)
                  0.06    0.00    0.60 ^ hold3/A (sky130_fd_sc_hd__buf_1)
                  0.07    0.11    0.71 ^ hold3/X (sky130_fd_sc_hd__buf_1)
     1    0.00                           net29 (net)
                  0.07    0.00    0.71 ^ hold1/A (sky130_fd_sc_hd__dlygate4sd3_1)
                  0.18    0.67    1.38 ^ hold1/X (sky130_fd_sc_hd__dlygate4sd3_1)
     3    0.02                           net33 (net)
                  0.18    0.00    1.38 ^ fanout24/A (sky130_fd_sc_hd__clkbuf_4)
                  0.14    0.26    1.65 ^ fanout24/X (sky130_fd_sc_hd__clkbuf_4)
     7    0.04                           net24 (net)
                  0.14    0.00    1.65 ^ fanout23/A (sky130_fd_sc_hd__clkbuf_4)
                  0.16    0.26    1.91 ^ fanout23/X (sky130_fd_sc_hd__clkbuf_4)
    10    0.05                           net23 (net)
                  0.16    0.00    1.91 ^ _264_/RESET_B (sky130_fd_sc_hd__dfrtp_4)
                                  1.91   data arrival time

                          2.50    2.50   clock clk (rise edge)
                          0.00    2.50   clock source latency
                  0.09    0.06    2.56 ^ clk (in)
     1    0.02                           clk (net)
                  0.09    0.00    2.56 ^ clkbuf_0_clk/A (sky130_fd_sc_hd__clkbuf_16)
                  0.06    0.15    2.71 ^ clkbuf_0_clk/X (sky130_fd_sc_hd__clkbuf_16)
     4    0.04                           clknet_0_clk (net)
                  0.06    0.00    2.71 ^ clkbuf_2_0__f_clk/A (sky130_fd_sc_hd__clkbuf_16)
                  0.05    0.13    2.84 ^ clkbuf_2_0__f_clk/X (sky130_fd_sc_hd__clkbuf_16)
     9    0.03                           clknet_2_0__leaf_clk (net)
                  0.05    0.00    2.84 ^ _264_/CLK (sky130_fd_sc_hd__dfrtp_4)
                         -0.25    2.59   clock uncertainty
                          0.00    2.59   clock reconvergence pessimism
                          0.18    2.77   library recovery time
                                  2.77   data required time
-----------------------------------------------------------------------------
                                  2.77   data required time
                                 -1.91   data arrival time
-----------------------------------------------------------------------------
                                  0.86   slack (MET)


Startpoint: rst_n (input port clocked by clk)
Endpoint: _257_ (recovery check against rising-edge clock clk)
Path Group: asynchronous
Path Type: max

Fanout     Cap    Slew   Delay    Time   Description
-----------------------------------------------------------------------------
                          0.00    0.00   clock clk (rise edge)
                          0.00    0.00   clock network delay (propagated)
                          0.50    0.50 ^ input external delay
                  0.02    0.01    0.51 ^ rst_n (in)
     1    0.00                           rst_n (net)
                  0.02    0.00    0.51 ^ input1/A (sky130_fd_sc_hd__clkbuf_1)
                  0.06    0.09    0.60 ^ input1/X (sky130_fd_sc_hd__clkbuf_1)
     1    0.00                           net1 (net)
                  0.06    0.00    0.60 ^ hold3/A (sky130_fd_sc_hd__buf_1)
                  0.07    0.11    0.71 ^ hold3/X (sky130_fd_sc_hd__buf_1)
     1    0.00                           net29 (net)
                  0.07    0.00    0.71 ^ hold1/A (sky130_fd_sc_hd__dlygate4sd3_1)
                  0.18    0.67    1.38 ^ hold1/X (sky130_fd_sc_hd__dlygate4sd3_1)
     3    0.02                           net33 (net)
                  0.18    0.00    1.38 ^ fanout24/A (sky130_fd_sc_hd__clkbuf_4)
                  0.14    0.26    1.65 ^ fanout24/X (sky130_fd_sc_hd__clkbuf_4)
     7    0.04                           net24 (net)
                  0.14    0.00    1.65 ^ fanout23/A (sky130_fd_sc_hd__clkbuf_4)
                  0.16    0.26    1.91 ^ fanout23/X (sky130_fd_sc_hd__clkbuf_4)
    10    0.05                           net23 (net)
                  0.16    0.00    1.91 ^ _257_/RESET_B (sky130_fd_sc_hd__dfrtp_2)
                                  1.91   data arrival time

                          2.50    2.50   clock clk (rise edge)
                          0.00    2.50   clock source latency
                  0.09    0.06    2.56 ^ clk (in)
     1    0.02                           clk (net)
                  0.09    0.00    2.56 ^ clkbuf_0_clk/A (sky130_fd_sc_hd__clkbuf_16)
                  0.06    0.15    2.71 ^ clkbuf_0_clk/X (sky130_fd_sc_hd__clkbuf_16)
     4    0.04                           clknet_0_clk (net)
                  0.06    0.00    2.71 ^ clkbuf_2_0__f_clk/A (sky130_fd_sc_hd__clkbuf_16)
                  0.05    0.13    2.84 ^ clkbuf_2_0__f_clk/X (sky130_fd_sc_hd__clkbuf_16)
     9    0.03                           clknet_2_0__leaf_clk (net)
                  0.05    0.00    2.84 ^ _257_/CLK (sky130_fd_sc_hd__dfrtp_2)
                         -0.25    2.59   clock uncertainty
                          0.00    2.59   clock reconvergence pessimism
                          0.19    2.77   library recovery time
                                  2.77   data required time
-----------------------------------------------------------------------------
                                  2.77   data required time
                                 -1.91   data arrival time
-----------------------------------------------------------------------------
                                  0.86   slack (MET)


Startpoint: rst_n (input port clocked by clk)
Endpoint: _294_ (recovery check against rising-edge clock clk)
Path Group: asynchronous
Path Type: max

Fanout     Cap    Slew   Delay    Time   Description
-----------------------------------------------------------------------------
                          0.00    0.00   clock clk (rise edge)
                          0.00    0.00   clock network delay (propagated)
                          0.50    0.50 ^ input external delay
                  0.02    0.01    0.51 ^ rst_n (in)
     1    0.00                           rst_n (net)
                  0.02    0.00    0.51 ^ input1/A (sky130_fd_sc_hd__clkbuf_1)
                  0.06    0.09    0.60 ^ input1/X (sky130_fd_sc_hd__clkbuf_1)
     1    0.00                           net1 (net)
                  0.06    0.00    0.60 ^ hold3/A (sky130_fd_sc_hd__buf_1)
                  0.07    0.11    0.71 ^ hold3/X (sky130_fd_sc_hd__buf_1)
     1    0.00                           net29 (net)
                  0.07    0.00    0.71 ^ hold1/A (sky130_fd_sc_hd__dlygate4sd3_1)
                  0.18    0.67    1.38 ^ hold1/X (sky130_fd_sc_hd__dlygate4sd3_1)
     3    0.02                           net33 (net)
                  0.18    0.00    1.38 ^ fanout24/A (sky130_fd_sc_hd__clkbuf_4)
                  0.14    0.26    1.65 ^ fanout24/X (sky130_fd_sc_hd__clkbuf_4)
     7    0.04                           net24 (net)
                  0.14    0.00    1.65 ^ fanout23/A (sky130_fd_sc_hd__clkbuf_4)
                  0.16    0.26    1.91 ^ fanout23/X (sky130_fd_sc_hd__clkbuf_4)
    10    0.05                           net23 (net)
                  0.16    0.00    1.91 ^ _294_/RESET_B (sky130_fd_sc_hd__dfrtp_2)
                                  1.91   data arrival time

                          2.50    2.50   clock clk (rise edge)
                          0.00    2.50   clock source latency
                  0.09    0.06    2.56 ^ clk (in)
     1    0.02                           clk (net)
                  0.09    0.00    2.56 ^ clkbuf_0_clk/A (sky130_fd_sc_hd__clkbuf_16)
                  0.06    0.15    2.71 ^ clkbuf_0_clk/X (sky130_fd_sc_hd__clkbuf_16)
     4    0.04                           clknet_0_clk (net)
                  0.06    0.00    2.71 ^ clkbuf_2_0__f_clk/A (sky130_fd_sc_hd__clkbuf_16)
                  0.05    0.13    2.84 ^ clkbuf_2_0__f_clk/X (sky130_fd_sc_hd__clkbuf_16)
     9    0.03                           clknet_2_0__leaf_clk (net)
                  0.05    0.00    2.84 ^ _294_/CLK (sky130_fd_sc_hd__dfrtp_2)
                         -0.25    2.59   clock uncertainty
                          0.00    2.59   clock reconvergence pessimism
                          0.19    2.77   library recovery time
                                  2.77   data required time
-----------------------------------------------------------------------------
                                  2.77   data required time
                                 -1.91   data arrival time
-----------------------------------------------------------------------------
                                  0.86   slack (MET)


Startpoint: _295_ (rising edge-triggered flip-flop clocked by clk)
Endpoint: _295_ (rising edge-triggered flip-flop clocked by clk)
Path Group: clk
Path Type: max

Fanout     Cap    Slew   Delay    Time   Description
-----------------------------------------------------------------------------
                          0.00    0.00   clock clk (rise edge)
                          0.00    0.00   clock source latency
                  0.09    0.06    0.06 ^ clk (in)
     1    0.02                           clk (net)
                  0.09    0.00    0.06 ^ clkbuf_0_clk/A (sky130_fd_sc_hd__clkbuf_16)
                  0.06    0.17    0.23 ^ clkbuf_0_clk/X (sky130_fd_sc_hd__clkbuf_16)
     4    0.04                           clknet_0_clk (net)
                  0.06    0.00    0.23 ^ clkbuf_2_0__f_clk/A (sky130_fd_sc_hd__clkbuf_16)
                  0.05    0.14    0.37 ^ clkbuf_2_0__f_clk/X (sky130_fd_sc_hd__clkbuf_16)
     9    0.03                           clknet_2_0__leaf_clk (net)
                  0.05    0.00    0.37 ^ _295_/CLK (sky130_fd_sc_hd__dfrtp_1)
                  0.07    0.41    0.78 v _295_/Q (sky130_fd_sc_hd__dfrtp_1)
     4    0.01                           u_rx.tick_cnt[1] (net)
                  0.07    0.00    0.78 v hold25/A (sky130_fd_sc_hd__dlygate4sd3_1)
                  0.06    0.59    1.38 v hold25/X (sky130_fd_sc_hd__dlygate4sd3_1)
     1    0.00                           net51 (net)
                  0.06    0.00    1.38 v _249_/A2 (sky130_fd_sc_hd__a31o_1)
                  0.04    0.22    1.60 v _249_/X (sky130_fd_sc_hd__a31o_1)
     1    0.00                           _120_ (net)
                  0.04    0.00    1.60 v _250_/B (sky130_fd_sc_hd__nor2_1)
                  0.08    0.09    1.68 ^ _250_/Y (sky130_fd_sc_hd__nor2_1)
     1    0.00                           _038_ (net)
                  0.08    0.00    1.68 ^ _295_/D (sky130_fd_sc_hd__dfrtp_1)
                                  1.68   data arrival time

                          2.50    2.50   clock clk (rise edge)
                          0.00    2.50   clock source latency
                  0.09    0.06    2.56 ^ clk (in)
     1    0.02                           clk (net)
                  0.09    0.00    2.56 ^ clkbuf_0_clk/A (sky130_fd_sc_hd__clkbuf_16)
                  0.06    0.15    2.71 ^ clkbuf_0_clk/X (sky130_fd_sc_hd__clkbuf_16)
     4    0.04                           clknet_0_clk (net)
                  0.06    0.00    2.71 ^ clkbuf_2_0__f_clk/A (sky130_fd_sc_hd__clkbuf_16)
                  0.05    0.13    2.84 ^ clkbuf_2_0__f_clk/X (sky130_fd_sc_hd__clkbuf_16)
     9    0.03                           clknet_2_0__leaf_clk (net)
                  0.05    0.00    2.84 ^ _295_/CLK (sky130_fd_sc_hd__dfrtp_1)
                         -0.25    2.59   clock uncertainty
                          0.04    2.62   clock reconvergence pessimism
                         -0.07    2.55   library setup time
                                  2.55   data required time
-----------------------------------------------------------------------------
                                  2.55   data required time
                                 -1.68   data arrival time
-----------------------------------------------------------------------------
                                  0.87   slack (MET)


Startpoint: rst_n (input port clocked by clk)
Endpoint: _278_ (recovery check against rising-edge clock clk)
Path Group: asynchronous
Path Type: max

Fanout     Cap    Slew   Delay    Time   Description
-----------------------------------------------------------------------------
                          0.00    0.00   clock clk (rise edge)
                          0.00    0.00   clock network delay (propagated)
                          0.50    0.50 ^ input external delay
                  0.02    0.01    0.51 ^ rst_n (in)
     1    0.00                           rst_n (net)
                  0.02    0.00    0.51 ^ input1/A (sky130_fd_sc_hd__clkbuf_1)
                  0.06    0.09    0.60 ^ input1/X (sky130_fd_sc_hd__clkbuf_1)
     1    0.00                           net1 (net)
                  0.06    0.00    0.60 ^ hold3/A (sky130_fd_sc_hd__buf_1)
                  0.07    0.11    0.71 ^ hold3/X (sky130_fd_sc_hd__buf_1)
     1    0.00                           net29 (net)
                  0.07    0.00    0.71 ^ hold1/A (sky130_fd_sc_hd__dlygate4sd3_1)
                  0.18    0.67    1.38 ^ hold1/X (sky130_fd_sc_hd__dlygate4sd3_1)
     3    0.02                           net33 (net)
                  0.18    0.00    1.38 ^ fanout24/A (sky130_fd_sc_hd__clkbuf_4)
                  0.14    0.26    1.65 ^ fanout24/X (sky130_fd_sc_hd__clkbuf_4)
     7    0.04                           net24 (net)
                  0.14    0.00    1.65 ^ fanout23/A (sky130_fd_sc_hd__clkbuf_4)
                  0.16    0.26    1.91 ^ fanout23/X (sky130_fd_sc_hd__clkbuf_4)
    10    0.05                           net23 (net)
                  0.16    0.00    1.91 ^ _278_/RESET_B (sky130_fd_sc_hd__dfrtp_1)
                                  1.91   data arrival time

                          2.50    2.50   clock clk (rise edge)
                          0.00    2.50   clock source latency
                  0.09    0.06    2.56 ^ clk (in)
     1    0.02                           clk (net)
                  0.09    0.00    2.56 ^ clkbuf_0_clk/A (sky130_fd_sc_hd__clkbuf_16)
                  0.06    0.15    2.71 ^ clkbuf_0_clk/X (sky130_fd_sc_hd__clkbuf_16)
     4    0.04                           clknet_0_clk (net)
                  0.06    0.00    2.71 ^ clkbuf_2_0__f_clk/A (sky130_fd_sc_hd__clkbuf_16)
                  0.05    0.13    2.84 ^ clkbuf_2_0__f_clk/X (sky130_fd_sc_hd__clkbuf_16)
     9    0.03                           clknet_2_0__leaf_clk (net)
                  0.05    0.00    2.84 ^ _278_/CLK (sky130_fd_sc_hd__dfrtp_1)
                         -0.25    2.59   clock uncertainty
                          0.00    2.59   clock reconvergence pessimism
                          0.20    2.79   library recovery time
                                  2.79   data required time
-----------------------------------------------------------------------------
                                  2.79   data required time
                                 -1.91   data arrival time
-----------------------------------------------------------------------------
                                  0.88   slack (MET)


Startpoint: rst_n (input port clocked by clk)
Endpoint: _277_ (recovery check against rising-edge clock clk)
Path Group: asynchronous
Path Type: max

Fanout     Cap    Slew   Delay    Time   Description
-----------------------------------------------------------------------------
                          0.00    0.00   clock clk (rise edge)
                          0.00    0.00   clock network delay (propagated)
                          0.50    0.50 ^ input external delay
                  0.02    0.01    0.51 ^ rst_n (in)
     1    0.00                           rst_n (net)
                  0.02    0.00    0.51 ^ input1/A (sky130_fd_sc_hd__clkbuf_1)
                  0.06    0.09    0.60 ^ input1/X (sky130_fd_sc_hd__clkbuf_1)
     1    0.00                           net1 (net)
                  0.06    0.00    0.60 ^ hold3/A (sky130_fd_sc_hd__buf_1)
                  0.07    0.11    0.71 ^ hold3/X (sky130_fd_sc_hd__buf_1)
     1    0.00                           net29 (net)
                  0.07    0.00    0.71 ^ hold1/A (sky130_fd_sc_hd__dlygate4sd3_1)
                  0.18    0.67    1.38 ^ hold1/X (sky130_fd_sc_hd__dlygate4sd3_1)
     3    0.02                           net33 (net)
                  0.18    0.00    1.38 ^ fanout24/A (sky130_fd_sc_hd__clkbuf_4)
                  0.14    0.26    1.65 ^ fanout24/X (sky130_fd_sc_hd__clkbuf_4)
     7    0.04                           net24 (net)
                  0.14    0.00    1.65 ^ fanout23/A (sky130_fd_sc_hd__clkbuf_4)
                  0.16    0.26    1.91 ^ fanout23/X (sky130_fd_sc_hd__clkbuf_4)
    10    0.05                           net23 (net)
                  0.16    0.00    1.91 ^ _277_/RESET_B (sky130_fd_sc_hd__dfrtp_1)
                                  1.91   data arrival time

                          2.50    2.50   clock clk (rise edge)
                          0.00    2.50   clock source latency
                  0.09    0.06    2.56 ^ clk (in)
     1    0.02                           clk (net)
                  0.09    0.00    2.56 ^ clkbuf_0_clk/A (sky130_fd_sc_hd__clkbuf_16)
                  0.06    0.15    2.71 ^ clkbuf_0_clk/X (sky130_fd_sc_hd__clkbuf_16)
     4    0.04                           clknet_0_clk (net)
                  0.06    0.00    2.71 ^ clkbuf_2_0__f_clk/A (sky130_fd_sc_hd__clkbuf_16)
                  0.05    0.13    2.84 ^ clkbuf_2_0__f_clk/X (sky130_fd_sc_hd__clkbuf_16)
     9    0.03                           clknet_2_0__leaf_clk (net)
                  0.05    0.00    2.84 ^ _277_/CLK (sky130_fd_sc_hd__dfrtp_1)
                         -0.25    2.59   clock uncertainty
                          0.00    2.59   clock reconvergence pessimism
                          0.20    2.79   library recovery time
                                  2.79   data required time
-----------------------------------------------------------------------------
                                  2.79   data required time
                                 -1.91   data arrival time
-----------------------------------------------------------------------------
                                  0.88   slack (MET)


Startpoint: rst_n (input port clocked by clk)
Endpoint: _279_ (recovery check against rising-edge clock clk)
Path Group: asynchronous
Path Type: max

Fanout     Cap    Slew   Delay    Time   Description
-----------------------------------------------------------------------------
                          0.00    0.00   clock clk (rise edge)
                          0.00    0.00   clock network delay (propagated)
                          0.50    0.50 ^ input external delay
                  0.02    0.01    0.51 ^ rst_n (in)
     1    0.00                           rst_n (net)
                  0.02    0.00    0.51 ^ input1/A (sky130_fd_sc_hd__clkbuf_1)
                  0.06    0.09    0.60 ^ input1/X (sky130_fd_sc_hd__clkbuf_1)
     1    0.00                           net1 (net)
                  0.06    0.00    0.60 ^ hold3/A (sky130_fd_sc_hd__buf_1)
                  0.07    0.11    0.71 ^ hold3/X (sky130_fd_sc_hd__buf_1)
     1    0.00                           net29 (net)
                  0.07    0.00    0.71 ^ hold1/A (sky130_fd_sc_hd__dlygate4sd3_1)
                  0.18    0.67    1.38 ^ hold1/X (sky130_fd_sc_hd__dlygate4sd3_1)
     3    0.02                           net33 (net)
                  0.18    0.00    1.38 ^ fanout24/A (sky130_fd_sc_hd__clkbuf_4)
                  0.14    0.26    1.65 ^ fanout24/X (sky130_fd_sc_hd__clkbuf_4)
     7    0.04                           net24 (net)
                  0.14    0.00    1.65 ^ fanout23/A (sky130_fd_sc_hd__clkbuf_4)
                  0.16    0.26    1.91 ^ fanout23/X (sky130_fd_sc_hd__clkbuf_4)
    10    0.05                           net23 (net)
                  0.16    0.00    1.91 ^ _279_/RESET_B (sky130_fd_sc_hd__dfrtp_1)
                                  1.91   data arrival time

                          2.50    2.50   clock clk (rise edge)
                          0.00    2.50   clock source latency
                  0.09    0.06    2.56 ^ clk (in)
     1    0.02                           clk (net)
                  0.09    0.00    2.56 ^ clkbuf_0_clk/A (sky130_fd_sc_hd__clkbuf_16)
                  0.06    0.15    2.71 ^ clkbuf_0_clk/X (sky130_fd_sc_hd__clkbuf_16)
     4    0.04                           clknet_0_clk (net)
                  0.06    0.00    2.71 ^ clkbuf_2_0__f_clk/A (sky130_fd_sc_hd__clkbuf_16)
                  0.05    0.13    2.84 ^ clkbuf_2_0__f_clk/X (sky130_fd_sc_hd__clkbuf_16)
     9    0.03                           clknet_2_0__leaf_clk (net)
                  0.05    0.00    2.84 ^ _279_/CLK (sky130_fd_sc_hd__dfrtp_1)
                         -0.25    2.59   clock uncertainty
                          0.00    2.59   clock reconvergence pessimism
                          0.20    2.79   library recovery time
                                  2.79   data required time
-----------------------------------------------------------------------------
                                  2.79   data required time
                                 -1.91   data arrival time
-----------------------------------------------------------------------------
                                  0.88   slack (MET)


Startpoint: rst_n (input port clocked by clk)
Endpoint: _295_ (recovery check against rising-edge clock clk)
Path Group: asynchronous
Path Type: max

Fanout     Cap    Slew   Delay    Time   Description
-----------------------------------------------------------------------------
                          0.00    0.00   clock clk (rise edge)
                          0.00    0.00   clock network delay (propagated)
                          0.50    0.50 ^ input external delay
                  0.02    0.01    0.51 ^ rst_n (in)
     1    0.00                           rst_n (net)
                  0.02    0.00    0.51 ^ input1/A (sky130_fd_sc_hd__clkbuf_1)
                  0.06    0.09    0.60 ^ input1/X (sky130_fd_sc_hd__clkbuf_1)
     1    0.00                           net1 (net)
                  0.06    0.00    0.60 ^ hold3/A (sky130_fd_sc_hd__buf_1)
                  0.07    0.11    0.71 ^ hold3/X (sky130_fd_sc_hd__buf_1)
     1    0.00                           net29 (net)
                  0.07    0.00    0.71 ^ hold1/A (sky130_fd_sc_hd__dlygate4sd3_1)
                  0.18    0.67    1.38 ^ hold1/X (sky130_fd_sc_hd__dlygate4sd3_1)
     3    0.02                           net33 (net)
                  0.18    0.00    1.38 ^ fanout24/A (sky130_fd_sc_hd__clkbuf_4)
                  0.14    0.26    1.65 ^ fanout24/X (sky130_fd_sc_hd__clkbuf_4)
     7    0.04                           net24 (net)
                  0.14    0.00    1.65 ^ fanout23/A (sky130_fd_sc_hd__clkbuf_4)
                  0.16    0.26    1.91 ^ fanout23/X (sky130_fd_sc_hd__clkbuf_4)
    10    0.05                           net23 (net)
                  0.16    0.00    1.91 ^ _295_/RESET_B (sky130_fd_sc_hd__dfrtp_1)
                                  1.91   data arrival time

                          2.50    2.50   clock clk (rise edge)
                          0.00    2.50   clock source latency
                  0.09    0.06    2.56 ^ clk (in)
     1    0.02                           clk (net)
                  0.09    0.00    2.56 ^ clkbuf_0_clk/A (sky130_fd_sc_hd__clkbuf_16)
                  0.06    0.15    2.71 ^ clkbuf_0_clk/X (sky130_fd_sc_hd__clkbuf_16)
     4    0.04                           clknet_0_clk (net)
                  0.06    0.00    2.71 ^ clkbuf_2_0__f_clk/A (sky130_fd_sc_hd__clkbuf_16)
                  0.05    0.13    2.84 ^ clkbuf_2_0__f_clk/X (sky130_fd_sc_hd__clkbuf_16)
     9    0.03                           clknet_2_0__leaf_clk (net)
                  0.05    0.00    2.84 ^ _295_/CLK (sky130_fd_sc_hd__dfrtp_1)
                         -0.25    2.59   clock uncertainty
                          0.00    2.59   clock reconvergence pessimism
                          0.20    2.79   library recovery time
                                  2.79   data required time
-----------------------------------------------------------------------------
                                  2.79   data required time
                                 -1.91   data arrival time
-----------------------------------------------------------------------------
                                  0.88   slack (MET)


Startpoint: rst_n (input port clocked by clk)
Endpoint: _269_ (recovery check against rising-edge clock clk)
Path Group: asynchronous
Path Type: max

Fanout     Cap    Slew   Delay    Time   Description
-----------------------------------------------------------------------------
                          0.00    0.00   clock clk (rise edge)
                          0.00    0.00   clock network delay (propagated)
                          0.50    0.50 ^ input external delay
                  0.02    0.01    0.51 ^ rst_n (in)
     1    0.00                           rst_n (net)
                  0.02    0.00    0.51 ^ input1/A (sky130_fd_sc_hd__clkbuf_1)
                  0.06    0.09    0.60 ^ input1/X (sky130_fd_sc_hd__clkbuf_1)
     1    0.00                           net1 (net)
                  0.06    0.00    0.60 ^ hold3/A (sky130_fd_sc_hd__buf_1)
                  0.07    0.11    0.71 ^ hold3/X (sky130_fd_sc_hd__buf_1)
     1    0.00                           net29 (net)
                  0.07    0.00    0.71 ^ hold1/A (sky130_fd_sc_hd__dlygate4sd3_1)
                  0.18    0.67    1.38 ^ hold1/X (sky130_fd_sc_hd__dlygate4sd3_1)
     3    0.02                           net33 (net)
                  0.18    0.00    1.38 ^ fanout24/A (sky130_fd_sc_hd__clkbuf_4)
                  0.14    0.26    1.65 ^ fanout24/X (sky130_fd_sc_hd__clkbuf_4)
     7    0.04                           net24 (net)
                  0.14    0.00    1.65 ^ fanout23/A (sky130_fd_sc_hd__clkbuf_4)
                  0.16    0.26    1.91 ^ fanout23/X (sky130_fd_sc_hd__clkbuf_4)
    10    0.05                           net23 (net)
                  0.16    0.00    1.91 ^ _269_/RESET_B (sky130_fd_sc_hd__dfrtp_1)
                                  1.91   data arrival time

                          2.50    2.50   clock clk (rise edge)
                          0.00    2.50   clock source latency
                  0.09    0.06    2.56 ^ clk (in)
     1    0.02                           clk (net)
                  0.09    0.00    2.56 ^ clkbuf_0_clk/A (sky130_fd_sc_hd__clkbuf_16)
                  0.06    0.15    2.71 ^ clkbuf_0_clk/X (sky130_fd_sc_hd__clkbuf_16)
     4    0.04                           clknet_0_clk (net)
                  0.06    0.00    2.71 ^ clkbuf_2_0__f_clk/A (sky130_fd_sc_hd__clkbuf_16)
                  0.05    0.13    2.84 ^ clkbuf_2_0__f_clk/X (sky130_fd_sc_hd__clkbuf_16)
     9    0.03                           clknet_2_0__leaf_clk (net)
                  0.05    0.00    2.84 ^ _269_/CLK (sky130_fd_sc_hd__dfrtp_1)
                         -0.25    2.59   clock uncertainty
                          0.00    2.59   clock reconvergence pessimism
                          0.20    2.79   library recovery time
                                  2.79   data required time
-----------------------------------------------------------------------------
                                  2.79   data required time
                                 -1.91   data arrival time
-----------------------------------------------------------------------------
                                  0.88   slack (MET)


Startpoint: rst_n (input port clocked by clk)
Endpoint: _270_ (recovery check against rising-edge clock clk)
Path Group: asynchronous
Path Type: max

Fanout     Cap    Slew   Delay    Time   Description
-----------------------------------------------------------------------------
                          0.00    0.00   clock clk (rise edge)
                          0.00    0.00   clock network delay (propagated)
                          0.50    0.50 ^ input external delay
                  0.02    0.01    0.51 ^ rst_n (in)
     1    0.00                           rst_n (net)
                  0.02    0.00    0.51 ^ input1/A (sky130_fd_sc_hd__clkbuf_1)
                  0.06    0.09    0.60 ^ input1/X (sky130_fd_sc_hd__clkbuf_1)
     1    0.00                           net1 (net)
                  0.06    0.00    0.60 ^ hold3/A (sky130_fd_sc_hd__buf_1)
                  0.07    0.11    0.71 ^ hold3/X (sky130_fd_sc_hd__buf_1)
     1    0.00                           net29 (net)
                  0.07    0.00    0.71 ^ hold1/A (sky130_fd_sc_hd__dlygate4sd3_1)
                  0.18    0.67    1.38 ^ hold1/X (sky130_fd_sc_hd__dlygate4sd3_1)
     3    0.02                           net33 (net)
                  0.18    0.00    1.38 ^ fanout24/A (sky130_fd_sc_hd__clkbuf_4)
                  0.14    0.26    1.65 ^ fanout24/X (sky130_fd_sc_hd__clkbuf_4)
     7    0.04                           net24 (net)
                  0.14    0.00    1.65 ^ fanout23/A (sky130_fd_sc_hd__clkbuf_4)
                  0.16    0.26    1.91 ^ fanout23/X (sky130_fd_sc_hd__clkbuf_4)
    10    0.05                           net23 (net)
                  0.16    0.00    1.91 ^ _270_/RESET_B (sky130_fd_sc_hd__dfrtp_1)
                                  1.91   data arrival time

                          2.50    2.50   clock clk (rise edge)
                          0.00    2.50   clock source latency
                  0.09    0.06    2.56 ^ clk (in)
     1    0.02                           clk (net)
                  0.09    0.00    2.56 ^ clkbuf_0_clk/A (sky130_fd_sc_hd__clkbuf_16)
                  0.06    0.15    2.71 ^ clkbuf_0_clk/X (sky130_fd_sc_hd__clkbuf_16)
     4    0.04                           clknet_0_clk (net)
                  0.06    0.00    2.71 ^ clkbuf_2_0__f_clk/A (sky130_fd_sc_hd__clkbuf_16)
                  0.05    0.13    2.84 ^ clkbuf_2_0__f_clk/X (sky130_fd_sc_hd__clkbuf_16)
     9    0.03                           clknet_2_0__leaf_clk (net)
                  0.05    0.00    2.84 ^ _270_/CLK (sky130_fd_sc_hd__dfrtp_1)
                         -0.25    2.59   clock uncertainty
                          0.00    2.59   clock reconvergence pessimism
                          0.20    2.79   library recovery time
                                  2.79   data required time
-----------------------------------------------------------------------------
                                  2.79   data required time
                                 -1.91   data arrival time
-----------------------------------------------------------------------------
                                  0.88   slack (MET)


Startpoint: rst_n (input port clocked by clk)
Endpoint: _297_ (recovery check against rising-edge clock clk)
Path Group: asynchronous
Path Type: max

Fanout     Cap    Slew   Delay    Time   Description
-----------------------------------------------------------------------------
                          0.00    0.00   clock clk (rise edge)
                          0.00    0.00   clock network delay (propagated)
                          0.50    0.50 ^ input external delay
                  0.02    0.01    0.51 ^ rst_n (in)
     1    0.00                           rst_n (net)
                  0.02    0.00    0.51 ^ input1/A (sky130_fd_sc_hd__clkbuf_1)
                  0.06    0.09    0.60 ^ input1/X (sky130_fd_sc_hd__clkbuf_1)
     1    0.00                           net1 (net)
                  0.06    0.00    0.60 ^ hold3/A (sky130_fd_sc_hd__buf_1)
                  0.07    0.11    0.71 ^ hold3/X (sky130_fd_sc_hd__buf_1)
     1    0.00                           net29 (net)
                  0.07    0.00    0.71 ^ hold1/A (sky130_fd_sc_hd__dlygate4sd3_1)
                  0.18    0.67    1.38 ^ hold1/X (sky130_fd_sc_hd__dlygate4sd3_1)
     3    0.02                           net33 (net)
                  0.18    0.00    1.38 ^ fanout24/A (sky130_fd_sc_hd__clkbuf_4)
                  0.14    0.26    1.65 ^ fanout24/X (sky130_fd_sc_hd__clkbuf_4)
     7    0.04                           net24 (net)
                  0.14    0.00    1.65 ^ fanout23/A (sky130_fd_sc_hd__clkbuf_4)
                  0.16    0.26    1.91 ^ fanout23/X (sky130_fd_sc_hd__clkbuf_4)
    10    0.05                           net23 (net)
                  0.16    0.00    1.91 ^ _297_/RESET_B (sky130_fd_sc_hd__dfrtp_1)
                                  1.91   data arrival time

                          2.50    2.50   clock clk (rise edge)
                          0.00    2.50   clock source latency
                  0.09    0.06    2.56 ^ clk (in)
     1    0.02                           clk (net)
                  0.09    0.00    2.56 ^ clkbuf_0_clk/A (sky130_fd_sc_hd__clkbuf_16)
                  0.06    0.15    2.71 ^ clkbuf_0_clk/X (sky130_fd_sc_hd__clkbuf_16)
     4    0.04                           clknet_0_clk (net)
                  0.06    0.00    2.71 ^ clkbuf_2_2__f_clk/A (sky130_fd_sc_hd__clkbuf_16)
                  0.05    0.13    2.84 ^ clkbuf_2_2__f_clk/X (sky130_fd_sc_hd__clkbuf_16)
    11    0.03                           clknet_2_2__leaf_clk (net)
                  0.05    0.00    2.84 ^ _297_/CLK (sky130_fd_sc_hd__dfrtp_1)
                         -0.25    2.59   clock uncertainty
                          0.00    2.59   clock reconvergence pessimism
                          0.20    2.79   library recovery time
                                  2.79   data required time
-----------------------------------------------------------------------------
                                  2.79   data required time
                                 -1.91   data arrival time
-----------------------------------------------------------------------------
                                  0.88   slack (MET)


Startpoint: _260_ (rising edge-triggered flip-flop clocked by clk)
Endpoint: _261_ (rising edge-triggered flip-flop clocked by clk)
Path Group: clk
Path Type: max

Fanout     Cap    Slew   Delay    Time   Description
-----------------------------------------------------------------------------
                          0.00    0.00   clock clk (rise edge)
                          0.00    0.00   clock source latency
                  0.09    0.06    0.06 ^ clk (in)
     1    0.02                           clk (net)
                  0.09    0.00    0.06 ^ clkbuf_0_clk/A (sky130_fd_sc_hd__clkbuf_16)
                  0.06    0.17    0.23 ^ clkbuf_0_clk/X (sky130_fd_sc_hd__clkbuf_16)
     4    0.04                           clknet_0_clk (net)
                  0.06    0.00    0.23 ^ clkbuf_2_1__f_clk/A (sky130_fd_sc_hd__clkbuf_16)
                  0.06    0.15    0.38 ^ clkbuf_2_1__f_clk/X (sky130_fd_sc_hd__clkbuf_16)
    11    0.03                           clknet_2_1__leaf_clk (net)
                  0.06    0.00    0.38 ^ _260_/CLK (sky130_fd_sc_hd__dfrtp_1)
                  0.06    0.40    0.78 v _260_/Q (sky130_fd_sc_hd__dfrtp_1)
     3    0.01                           u_baud.count[1] (net)
                  0.06    0.00    0.78 v hold21/A (sky130_fd_sc_hd__dlygate4sd3_1)
                  0.08    0.62    1.40 v hold21/X (sky130_fd_sc_hd__dlygate4sd3_1)
     2    0.01                           net47 (net)
                  0.08    0.00    1.40 v _140_/A2 (sky130_fd_sc_hd__a21oi_1)
                  0.11    0.16    1.57 ^ _140_/Y (sky130_fd_sc_hd__a21oi_1)
     1    0.00                           _047_ (net)
                  0.11    0.00    1.57 ^ _141_/B (sky130_fd_sc_hd__nor2_1)
                  0.04    0.07    1.63 v _141_/Y (sky130_fd_sc_hd__nor2_1)
     1    0.01                           _002_ (net)
                  0.04    0.00    1.63 v _261_/D (sky130_fd_sc_hd__dfrtp_1)
                                  1.63   data arrival time

                          2.50    2.50   clock clk (rise edge)
                          0.00    2.50   clock source latency
                  0.09    0.06    2.56 ^ clk (in)
     1    0.02                           clk (net)
                  0.09    0.00    2.56 ^ clkbuf_0_clk/A (sky130_fd_sc_hd__clkbuf_16)
                  0.06    0.15    2.71 ^ clkbuf_0_clk/X (sky130_fd_sc_hd__clkbuf_16)
     4    0.04                           clknet_0_clk (net)
                  0.06    0.00    2.71 ^ clkbuf_2_1__f_clk/A (sky130_fd_sc_hd__clkbuf_16)
                  0.06    0.14    2.84 ^ clkbuf_2_1__f_clk/X (sky130_fd_sc_hd__clkbuf_16)
    11    0.03                           clknet_2_1__leaf_clk (net)
                  0.06    0.00    2.84 ^ _261_/CLK (sky130_fd_sc_hd__dfrtp_1)
                         -0.25    2.59   clock uncertainty
                          0.04    2.63   clock reconvergence pessimism
                         -0.11    2.52   library setup time
                                  2.52   data required time
-----------------------------------------------------------------------------
                                  2.52   data required time
                                 -1.63   data arrival time
-----------------------------------------------------------------------------
                                  0.89   slack (MET)


Startpoint: _260_ (rising edge-triggered flip-flop clocked by clk)
Endpoint: _260_ (rising edge-triggered flip-flop clocked by clk)
Path Group: clk
Path Type: max

Fanout     Cap    Slew   Delay    Time   Description
-----------------------------------------------------------------------------
                          0.00    0.00   clock clk (rise edge)
                          0.00    0.00   clock source latency
                  0.09    0.06    0.06 ^ clk (in)
     1    0.02                           clk (net)
                  0.09    0.00    0.06 ^ clkbuf_0_clk/A (sky130_fd_sc_hd__clkbuf_16)
                  0.06    0.17    0.23 ^ clkbuf_0_clk/X (sky130_fd_sc_hd__clkbuf_16)
     4    0.04                           clknet_0_clk (net)
                  0.06    0.00    0.23 ^ clkbuf_2_1__f_clk/A (sky130_fd_sc_hd__clkbuf_16)
                  0.06    0.15    0.38 ^ clkbuf_2_1__f_clk/X (sky130_fd_sc_hd__clkbuf_16)
    11    0.03                           clknet_2_1__leaf_clk (net)
                  0.06    0.00    0.38 ^ _260_/CLK (sky130_fd_sc_hd__dfrtp_1)
                  0.06    0.40    0.78 v _260_/Q (sky130_fd_sc_hd__dfrtp_1)
     3    0.01                           u_baud.count[1] (net)
                  0.06    0.00    0.78 v hold21/A (sky130_fd_sc_hd__dlygate4sd3_1)
                  0.08    0.62    1.40 v hold21/X (sky130_fd_sc_hd__dlygate4sd3_1)
     2    0.01                           net47 (net)
                  0.08    0.00    1.40 v _137_/B (sky130_fd_sc_hd__xnor2_1)
                  0.13    0.15    1.56 ^ _137_/Y (sky130_fd_sc_hd__xnor2_1)
     1    0.00                           _045_ (net)
                  0.13    0.00    1.56 ^ _138_/B (sky130_fd_sc_hd__nor2_1)
                  0.06    0.07    1.62 v _138_/Y (sky130_fd_sc_hd__nor2_1)
     1    0.00                           _001_ (net)
                  0.06    0.00    1.62 v _260_/D (sky130_fd_sc_hd__dfrtp_1)
                                  1.62   data arrival time

                          2.50    2.50   clock clk (rise edge)
                          0.00    2.50   clock source latency
                  0.09    0.06    2.56 ^ clk (in)
     1    0.02                           clk (net)
                  0.09    0.00    2.56 ^ clkbuf_0_clk/A (sky130_fd_sc_hd__clkbuf_16)
                  0.06    0.15    2.71 ^ clkbuf_0_clk/X (sky130_fd_sc_hd__clkbuf_16)
     4    0.04                           clknet_0_clk (net)
                  0.06    0.00    2.71 ^ clkbuf_2_1__f_clk/A (sky130_fd_sc_hd__clkbuf_16)
                  0.06    0.14    2.84 ^ clkbuf_2_1__f_clk/X (sky130_fd_sc_hd__clkbuf_16)
    11    0.03                           clknet_2_1__leaf_clk (net)
                  0.06    0.00    2.84 ^ _260_/CLK (sky130_fd_sc_hd__dfrtp_1)
                         -0.25    2.59   clock uncertainty
                          0.04    2.63   clock reconvergence pessimism
                         -0.12    2.51   library setup time
                                  2.51   data required time
-----------------------------------------------------------------------------
                                  2.51   data required time
                                 -1.62   data arrival time
-----------------------------------------------------------------------------
                                  0.89   slack (MET)


Startpoint: _294_ (rising edge-triggered flip-flop clocked by clk)
Endpoint: _294_ (rising edge-triggered flip-flop clocked by clk)
Path Group: clk
Path Type: max

Fanout     Cap    Slew   Delay    Time   Description
-----------------------------------------------------------------------------
                          0.00    0.00   clock clk (rise edge)
                          0.00    0.00   clock source latency
                  0.09    0.06    0.06 ^ clk (in)
     1    0.02                           clk (net)
                  0.09    0.00    0.06 ^ clkbuf_0_clk/A (sky130_fd_sc_hd__clkbuf_16)
                  0.06    0.17    0.23 ^ clkbuf_0_clk/X (sky130_fd_sc_hd__clkbuf_16)
     4    0.04                           clknet_0_clk (net)
                  0.06    0.00    0.23 ^ clkbuf_2_0__f_clk/A (sky130_fd_sc_hd__clkbuf_16)
                  0.05    0.14    0.37 ^ clkbuf_2_0__f_clk/X (sky130_fd_sc_hd__clkbuf_16)
     9    0.03                           clknet_2_0__leaf_clk (net)
                  0.05    0.00    0.37 ^ _294_/CLK (sky130_fd_sc_hd__dfrtp_2)
                  0.07    0.45    0.82 v _294_/Q (sky130_fd_sc_hd__dfrtp_2)
     6    0.02                           u_rx.tick_cnt[0] (net)
                  0.07    0.00    0.82 v hold18/A (sky130_fd_sc_hd__dlygate4sd3_1)
                  0.06    0.59    1.41 v hold18/X (sky130_fd_sc_hd__dlygate4sd3_1)
     1    0.00                           net44 (net)
                  0.06    0.00    1.41 v _247_/A2 (sky130_fd_sc_hd__o21a_1)
                  0.03    0.17    1.59 v _247_/X (sky130_fd_sc_hd__o21a_1)
     1    0.00                           _037_ (net)
                  0.03    0.00    1.59 v _294_/D (sky130_fd_sc_hd__dfrtp_2)
                                  1.59   data arrival time

                          2.50    2.50   clock clk (rise edge)
                          0.00    2.50   clock source latency
                  0.09    0.06    2.56 ^ clk (in)
     1    0.02                           clk (net)
                  0.09    0.00    2.56 ^ clkbuf_0_clk/A (sky130_fd_sc_hd__clkbuf_16)
                  0.06    0.15    2.71 ^ clkbuf_0_clk/X (sky130_fd_sc_hd__clkbuf_16)
     4    0.04                           clknet_0_clk (net)
                  0.06    0.00    2.71 ^ clkbuf_2_0__f_clk/A (sky130_fd_sc_hd__clkbuf_16)
                  0.05    0.13    2.84 ^ clkbuf_2_0__f_clk/X (sky130_fd_sc_hd__clkbuf_16)
     9    0.03                           clknet_2_0__leaf_clk (net)
                  0.05    0.00    2.84 ^ _294_/CLK (sky130_fd_sc_hd__dfrtp_2)
                         -0.25    2.59   clock uncertainty
                          0.04    2.62   clock reconvergence pessimism
                         -0.11    2.51   library setup time
                                  2.51   data required time
-----------------------------------------------------------------------------
                                  2.51   data required time
                                 -1.59   data arrival time
-----------------------------------------------------------------------------
                                  0.93   slack (MET)


Startpoint: _263_ (rising edge-triggered flip-flop clocked by clk)
Endpoint: _263_ (rising edge-triggered flip-flop clocked by clk)
Path Group: clk
Path Type: max

Fanout     Cap    Slew   Delay    Time   Description
-----------------------------------------------------------------------------
                          0.00    0.00   clock clk (rise edge)
                          0.00    0.00   clock source latency
                  0.09    0.06    0.06 ^ clk (in)
     1    0.02                           clk (net)
                  0.09    0.00    0.06 ^ clkbuf_0_clk/A (sky130_fd_sc_hd__clkbuf_16)
                  0.06    0.17    0.23 ^ clkbuf_0_clk/X (sky130_fd_sc_hd__clkbuf_16)
     4    0.04                           clknet_0_clk (net)
                  0.06    0.00    0.23 ^ clkbuf_2_1__f_clk/A (sky130_fd_sc_hd__clkbuf_16)
                  0.06    0.15    0.38 ^ clkbuf_2_1__f_clk/X (sky130_fd_sc_hd__clkbuf_16)
    11    0.03                           clknet_2_1__leaf_clk (net)
                  0.06    0.00    0.38 ^ _263_/CLK (sky130_fd_sc_hd__dfrtp_1)
                  0.05    0.39    0.77 v _263_/Q (sky130_fd_sc_hd__dfrtp_1)
     2    0.01                           u_baud.count[4] (net)
                  0.05    0.00    0.77 v hold4/A (sky130_fd_sc_hd__dlygate4sd3_1)
                  0.07    0.60    1.37 v hold4/X (sky130_fd_sc_hd__dlygate4sd3_1)
     2    0.01                           net30 (net)
                  0.07    0.00    1.37 v _145_/A1 (sky130_fd_sc_hd__o21bai_1)
                  0.12    0.16    1.53 ^ _145_/Y (sky130_fd_sc_hd__o21bai_1)
     1    0.00                           _050_ (net)
                  0.12    0.00    1.53 ^ _146_/B1 (sky130_fd_sc_hd__a21oi_1)
                  0.04    0.05    1.59 v _146_/Y (sky130_fd_sc_hd__a21oi_1)
     1    0.00                           _004_ (net)
                  0.04    0.00    1.59 v _263_/D (sky130_fd_sc_hd__dfrtp_1)
                                  1.59   data arrival time

                          2.50    2.50   clock clk (rise edge)
                          0.00    2.50   clock source latency
                  0.09    0.06    2.56 ^ clk (in)
     1    0.02                           clk (net)
                  0.09    0.00    2.56 ^ clkbuf_0_clk/A (sky130_fd_sc_hd__clkbuf_16)
                  0.06    0.15    2.71 ^ clkbuf_0_clk/X (sky130_fd_sc_hd__clkbuf_16)
     4    0.04                           clknet_0_clk (net)
                  0.06    0.00    2.71 ^ clkbuf_2_1__f_clk/A (sky130_fd_sc_hd__clkbuf_16)
                  0.06    0.14    2.84 ^ clkbuf_2_1__f_clk/X (sky130_fd_sc_hd__clkbuf_16)
    11    0.03                           clknet_2_1__leaf_clk (net)
                  0.06    0.00    2.84 ^ _263_/CLK (sky130_fd_sc_hd__dfrtp_1)
                         -0.25    2.59   clock uncertainty
                          0.04    2.63   clock reconvergence pessimism
                         -0.11    2.52   library setup time
                                  2.52   data required time
-----------------------------------------------------------------------------
                                  2.52   data required time
                                 -1.59   data arrival time
-----------------------------------------------------------------------------
                                  0.93   slack (MET)


Startpoint: _262_ (rising edge-triggered flip-flop clocked by clk)
Endpoint: _262_ (rising edge-triggered flip-flop clocked by clk)
Path Group: clk
Path Type: max

Fanout     Cap    Slew   Delay    Time   Description
-----------------------------------------------------------------------------
                          0.00    0.00   clock clk (rise edge)
                          0.00    0.00   clock source latency
                  0.09    0.06    0.06 ^ clk (in)
     1    0.02                           clk (net)
                  0.09    0.00    0.06 ^ clkbuf_0_clk/A (sky130_fd_sc_hd__clkbuf_16)
                  0.06    0.17    0.23 ^ clkbuf_0_clk/X (sky130_fd_sc_hd__clkbuf_16)
     4    0.04                           clknet_0_clk (net)
                  0.06    0.00    0.23 ^ clkbuf_2_1__f_clk/A (sky130_fd_sc_hd__clkbuf_16)
                  0.06    0.15    0.38 ^ clkbuf_2_1__f_clk/X (sky130_fd_sc_hd__clkbuf_16)
    11    0.03                           clknet_2_1__leaf_clk (net)
                  0.06    0.00    0.38 ^ _262_/CLK (sky130_fd_sc_hd__dfrtp_1)
                  0.06    0.40    0.78 v _262_/Q (sky130_fd_sc_hd__dfrtp_1)
     3    0.01                           u_baud.count[3] (net)
                  0.06    0.00    0.78 v hold9/A (sky130_fd_sc_hd__dlygate4sd3_1)
                  0.05    0.58    1.37 v hold9/X (sky130_fd_sc_hd__dlygate4sd3_1)
     1    0.00                           net35 (net)
                  0.05    0.00    1.37 v _144_/A1 (sky130_fd_sc_hd__o21a_1)
                  0.03    0.19    1.55 v _144_/X (sky130_fd_sc_hd__o21a_1)
     1    0.00                           _003_ (net)
                  0.03    0.00    1.55 v _262_/D (sky130_fd_sc_hd__dfrtp_1)
                                  1.55   data arrival time

                          2.50    2.50   clock clk (rise edge)
                          0.00    2.50   clock source latency
                  0.09    0.06    2.56 ^ clk (in)
     1    0.02                           clk (net)
                  0.09    0.00    2.56 ^ clkbuf_0_clk/A (sky130_fd_sc_hd__clkbuf_16)
                  0.06    0.15    2.71 ^ clkbuf_0_clk/X (sky130_fd_sc_hd__clkbuf_16)
     4    0.04                           clknet_0_clk (net)
                  0.06    0.00    2.71 ^ clkbuf_2_1__f_clk/A (sky130_fd_sc_hd__clkbuf_16)
                  0.06    0.14    2.84 ^ clkbuf_2_1__f_clk/X (sky130_fd_sc_hd__clkbuf_16)
    11    0.03                           clknet_2_1__leaf_clk (net)
                  0.06    0.00    2.84 ^ _262_/CLK (sky130_fd_sc_hd__dfrtp_1)
                         -0.25    2.59   clock uncertainty
                          0.04    2.63   clock reconvergence pessimism
                         -0.11    2.52   library setup time
                                  2.52   data required time
-----------------------------------------------------------------------------
                                  2.52   data required time
                                 -1.55   data arrival time
-----------------------------------------------------------------------------
                                  0.97   slack (MET)


Startpoint: _259_ (rising edge-triggered flip-flop clocked by clk)
Endpoint: _259_ (rising edge-triggered flip-flop clocked by clk)
Path Group: clk
Path Type: max

Fanout     Cap    Slew   Delay    Time   Description
-----------------------------------------------------------------------------
                          0.00    0.00   clock clk (rise edge)
                          0.00    0.00   clock source latency
                  0.09    0.06    0.06 ^ clk (in)
     1    0.02                           clk (net)
                  0.09    0.00    0.06 ^ clkbuf_0_clk/A (sky130_fd_sc_hd__clkbuf_16)
                  0.06    0.17    0.23 ^ clkbuf_0_clk/X (sky130_fd_sc_hd__clkbuf_16)
     4    0.04                           clknet_0_clk (net)
                  0.06    0.00    0.23 ^ clkbuf_2_1__f_clk/A (sky130_fd_sc_hd__clkbuf_16)
                  0.06    0.15    0.38 ^ clkbuf_2_1__f_clk/X (sky130_fd_sc_hd__clkbuf_16)
    11    0.03                           clknet_2_1__leaf_clk (net)
                  0.06    0.00    0.38 ^ _259_/CLK (sky130_fd_sc_hd__dfrtp_1)
                  0.10    0.44    0.82 v _259_/Q (sky130_fd_sc_hd__dfrtp_1)
     5    0.02                           u_baud.count[0] (net)
                  0.10    0.00    0.82 v hold12/A (sky130_fd_sc_hd__dlygate4sd3_1)
                  0.06    0.61    1.44 v hold12/X (sky130_fd_sc_hd__dlygate4sd3_1)
     1    0.00                           net38 (net)
                  0.06    0.00    1.44 v _136_/A (sky130_fd_sc_hd__nor2_1)
                  0.08    0.11    1.55 ^ _136_/Y (sky130_fd_sc_hd__nor2_1)
     1    0.00                           _000_ (net)
                  0.08    0.00    1.55 ^ _259_/D (sky130_fd_sc_hd__dfrtp_1)
                                  1.55   data arrival time

                          2.50    2.50   clock clk (rise edge)
                          0.00    2.50   clock source latency
                  0.09    0.06    2.56 ^ clk (in)
     1    0.02                           clk (net)
                  0.09    0.00    2.56 ^ clkbuf_0_clk/A (sky130_fd_sc_hd__clkbuf_16)
                  0.06    0.15    2.71 ^ clkbuf_0_clk/X (sky130_fd_sc_hd__clkbuf_16)
     4    0.04                           clknet_0_clk (net)
                  0.06    0.00    2.71 ^ clkbuf_2_1__f_clk/A (sky130_fd_sc_hd__clkbuf_16)
                  0.06    0.14    2.84 ^ clkbuf_2_1__f_clk/X (sky130_fd_sc_hd__clkbuf_16)
    11    0.03                           clknet_2_1__leaf_clk (net)
                  0.06    0.00    2.84 ^ _259_/CLK (sky130_fd_sc_hd__dfrtp_1)
                         -0.25    2.59   clock uncertainty
                          0.04    2.63   clock reconvergence pessimism
                         -0.07    2.56   library setup time
                                  2.56   data required time
-----------------------------------------------------------------------------
                                  2.56   data required time
                                 -1.55   data arrival time
-----------------------------------------------------------------------------
                                  1.01   slack (MET)


Startpoint: _264_ (rising edge-triggered flip-flop clocked by clk)
Endpoint: _296_ (rising edge-triggered flip-flop clocked by clk)
Path Group: clk
Path Type: max

Fanout     Cap    Slew   Delay    Time   Description
-----------------------------------------------------------------------------
                          0.00    0.00   clock clk (rise edge)
                          0.00    0.00   clock source latency
                  0.09    0.06    0.06 ^ clk (in)
     1    0.02                           clk (net)
                  0.09    0.00    0.06 ^ clkbuf_0_clk/A (sky130_fd_sc_hd__clkbuf_16)
                  0.06    0.17    0.23 ^ clkbuf_0_clk/X (sky130_fd_sc_hd__clkbuf_16)
     4    0.04                           clknet_0_clk (net)
                  0.06    0.00    0.23 ^ clkbuf_2_0__f_clk/A (sky130_fd_sc_hd__clkbuf_16)
                  0.05    0.14    0.37 ^ clkbuf_2_0__f_clk/X (sky130_fd_sc_hd__clkbuf_16)
     9    0.03                           clknet_2_0__leaf_clk (net)
                  0.05    0.00    0.37 ^ _264_/CLK (sky130_fd_sc_hd__dfrtp_4)
                  0.13    0.50    0.87 ^ _264_/Q (sky130_fd_sc_hd__dfrtp_4)
     9    0.04                           u_baud.tick (net)
                  0.13    0.00    0.87 ^ _147_/A (sky130_fd_sc_hd__and4_2)
                  0.13    0.31    1.18 ^ _147_/X (sky130_fd_sc_hd__and4_2)
     6    0.02                           _051_ (net)
                  0.13    0.00    1.18 ^ _252_/A_N (sky130_fd_sc_hd__and3b_1)
                  0.04    0.21    1.39 v _252_/X (sky130_fd_sc_hd__and3b_1)
     1    0.00                           _122_ (net)
                  0.04    0.00    1.39 v _253_/A (sky130_fd_sc_hd__clkbuf_1)
                  0.03    0.09    1.48 v _253_/X (sky130_fd_sc_hd__clkbuf_1)
     1    0.00                           _039_ (net)
                  0.03    0.00    1.48 v _296_/D (sky130_fd_sc_hd__dfrtp_1)
                                  1.48   data arrival time

                          2.50    2.50   clock clk (rise edge)
                          0.00    2.50   clock source latency
                  0.09    0.06    2.56 ^ clk (in)
     1    0.02                           clk (net)
                  0.09    0.00    2.56 ^ clkbuf_0_clk/A (sky130_fd_sc_hd__clkbuf_16)
                  0.06    0.15    2.71 ^ clkbuf_0_clk/X (sky130_fd_sc_hd__clkbuf_16)
     4    0.04                           clknet_0_clk (net)
                  0.06    0.00    2.71 ^ clkbuf_2_2__f_clk/A (sky130_fd_sc_hd__clkbuf_16)
                  0.05    0.13    2.84 ^ clkbuf_2_2__f_clk/X (sky130_fd_sc_hd__clkbuf_16)
    11    0.03                           clknet_2_2__leaf_clk (net)
                  0.05    0.00    2.84 ^ _296_/CLK (sky130_fd_sc_hd__dfrtp_1)
                         -0.25    2.59   clock uncertainty
                          0.02    2.61   clock reconvergence pessimism
                         -0.10    2.51   library setup time
                                  2.51   data required time
-----------------------------------------------------------------------------
                                  2.51   data required time
                                 -1.48   data arrival time
-----------------------------------------------------------------------------
                                  1.03   slack (MET)


Startpoint: rst_n (input port clocked by clk)
Endpoint: _258_ (recovery check against rising-edge clock clk)
Path Group: asynchronous
Path Type: max

Fanout     Cap    Slew   Delay    Time   Description
-----------------------------------------------------------------------------
                          0.00    0.00   clock clk (rise edge)
                          0.00    0.00   clock network delay (propagated)
                          0.50    0.50 ^ input external delay
                  0.02    0.01    0.51 ^ rst_n (in)
     1    0.00                           rst_n (net)
                  0.02    0.00    0.51 ^ input1/A (sky130_fd_sc_hd__clkbuf_1)
                  0.06    0.09    0.60 ^ input1/X (sky130_fd_sc_hd__clkbuf_1)
     1    0.00                           net1 (net)
                  0.06    0.00    0.60 ^ hold3/A (sky130_fd_sc_hd__buf_1)
                  0.07    0.11    0.71 ^ hold3/X (sky130_fd_sc_hd__buf_1)
     1    0.00                           net29 (net)
                  0.07    0.00    0.71 ^ hold1/A (sky130_fd_sc_hd__dlygate4sd3_1)
                  0.18    0.67    1.38 ^ hold1/X (sky130_fd_sc_hd__dlygate4sd3_1)
     3    0.02                           net33 (net)
                  0.18    0.00    1.38 ^ fanout26/A (sky130_fd_sc_hd__buf_2)
                  0.20    0.27    1.65 ^ fanout26/X (sky130_fd_sc_hd__buf_2)
     9    0.04                           net26 (net)
                  0.20    0.00    1.66 ^ _258_/RESET_B (sky130_fd_sc_hd__dfrtp_4)
                                  1.66   data arrival time

                          2.50    2.50   clock clk (rise edge)
                          0.00    2.50   clock source latency
                  0.09    0.06    2.56 ^ clk (in)
     1    0.02                           clk (net)
                  0.09    0.00    2.56 ^ clkbuf_0_clk/A (sky130_fd_sc_hd__clkbuf_16)
                  0.06    0.15    2.71 ^ clkbuf_0_clk/X (sky130_fd_sc_hd__clkbuf_16)
     4    0.04                           clknet_0_clk (net)
                  0.06    0.00    2.71 ^ clkbuf_2_3__f_clk/A (sky130_fd_sc_hd__clkbuf_16)
                  0.05    0.13    2.84 ^ clkbuf_2_3__f_clk/X (sky130_fd_sc_hd__clkbuf_16)
    10    0.03                           clknet_2_3__leaf_clk (net)
                  0.05    0.00    2.84 ^ _258_/CLK (sky130_fd_sc_hd__dfrtp_4)
                         -0.25    2.59   clock uncertainty
                          0.00    2.59   clock reconvergence pessimism
                          0.17    2.76   library recovery time
                                  2.76   data required time
-----------------------------------------------------------------------------
                                  2.76   data required time
                                 -1.66   data arrival time
-----------------------------------------------------------------------------
                                  1.11   slack (MET)


Startpoint: rst_n (input port clocked by clk)
Endpoint: _265_ (recovery check against rising-edge clock clk)
Path Group: asynchronous
Path Type: max

Fanout     Cap    Slew   Delay    Time   Description
-----------------------------------------------------------------------------
                          0.00    0.00   clock clk (rise edge)
                          0.00    0.00   clock network delay (propagated)
                          0.50    0.50 ^ input external delay
                  0.02    0.01    0.51 ^ rst_n (in)
     1    0.00                           rst_n (net)
                  0.02    0.00    0.51 ^ input1/A (sky130_fd_sc_hd__clkbuf_1)
                  0.06    0.09    0.60 ^ input1/X (sky130_fd_sc_hd__clkbuf_1)
     1    0.00                           net1 (net)
                  0.06    0.00    0.60 ^ hold3/A (sky130_fd_sc_hd__buf_1)
                  0.07    0.11    0.71 ^ hold3/X (sky130_fd_sc_hd__buf_1)
     1    0.00                           net29 (net)
                  0.07    0.00    0.71 ^ hold1/A (sky130_fd_sc_hd__dlygate4sd3_1)
                  0.18    0.67    1.38 ^ hold1/X (sky130_fd_sc_hd__dlygate4sd3_1)
     3    0.02                           net33 (net)
                  0.18    0.00    1.38 ^ fanout26/A (sky130_fd_sc_hd__buf_2)
                  0.20    0.27    1.65 ^ fanout26/X (sky130_fd_sc_hd__buf_2)
     9    0.04                           net26 (net)
                  0.20    0.00    1.66 ^ _265_/RESET_B (sky130_fd_sc_hd__dfrtp_4)
                                  1.66   data arrival time

                          2.50    2.50   clock clk (rise edge)
                          0.00    2.50   clock source latency
                  0.09    0.06    2.56 ^ clk (in)
     1    0.02                           clk (net)
                  0.09    0.00    2.56 ^ clkbuf_0_clk/A (sky130_fd_sc_hd__clkbuf_16)
                  0.06    0.15    2.71 ^ clkbuf_0_clk/X (sky130_fd_sc_hd__clkbuf_16)
     4    0.04                           clknet_0_clk (net)
                  0.06    0.00    2.71 ^ clkbuf_2_3__f_clk/A (sky130_fd_sc_hd__clkbuf_16)
                  0.05    0.13    2.84 ^ clkbuf_2_3__f_clk/X (sky130_fd_sc_hd__clkbuf_16)
    10    0.03                           clknet_2_3__leaf_clk (net)
                  0.05    0.00    2.84 ^ _265_/CLK (sky130_fd_sc_hd__dfrtp_4)
                         -0.25    2.59   clock uncertainty
                          0.00    2.59   clock reconvergence pessimism
                          0.17    2.76   library recovery time
                                  2.76   data required time
-----------------------------------------------------------------------------
                                  2.76   data required time
                                 -1.66   data arrival time
-----------------------------------------------------------------------------
                                  1.11   slack (MET)


Startpoint: rst_n (input port clocked by clk)
Endpoint: _287_ (recovery check against rising-edge clock clk)
Path Group: asynchronous
Path Type: max

Fanout     Cap    Slew   Delay    Time   Description
-----------------------------------------------------------------------------
                          0.00    0.00   clock clk (rise edge)
                          0.00    0.00   clock network delay (propagated)
                          0.50    0.50 ^ input external delay
                  0.02    0.01    0.51 ^ rst_n (in)
     1    0.00                           rst_n (net)
                  0.02    0.00    0.51 ^ input1/A (sky130_fd_sc_hd__clkbuf_1)
                  0.06    0.09    0.60 ^ input1/X (sky130_fd_sc_hd__clkbuf_1)
     1    0.00                           net1 (net)
                  0.06    0.00    0.60 ^ hold3/A (sky130_fd_sc_hd__buf_1)
                  0.07    0.11    0.71 ^ hold3/X (sky130_fd_sc_hd__buf_1)
     1    0.00                           net29 (net)
                  0.07    0.00    0.71 ^ hold1/A (sky130_fd_sc_hd__dlygate4sd3_1)
                  0.18    0.67    1.38 ^ hold1/X (sky130_fd_sc_hd__dlygate4sd3_1)
     3    0.02                           net33 (net)
                  0.18    0.00    1.38 ^ fanout26/A (sky130_fd_sc_hd__buf_2)
                  0.20    0.27    1.65 ^ fanout26/X (sky130_fd_sc_hd__buf_2)
     9    0.04                           net26 (net)
                  0.20    0.00    1.66 ^ _287_/RESET_B (sky130_fd_sc_hd__dfrtp_1)
                                  1.66   data arrival time

                          2.50    2.50   clock clk (rise edge)
                          0.00    2.50   clock source latency
                  0.09    0.06    2.56 ^ clk (in)
     1    0.02                           clk (net)
                  0.09    0.00    2.56 ^ clkbuf_0_clk/A (sky130_fd_sc_hd__clkbuf_16)
                  0.06    0.15    2.71 ^ clkbuf_0_clk/X (sky130_fd_sc_hd__clkbuf_16)
     4    0.04                           clknet_0_clk (net)
                  0.06    0.00    2.71 ^ clkbuf_2_3__f_clk/A (sky130_fd_sc_hd__clkbuf_16)
                  0.05    0.13    2.84 ^ clkbuf_2_3__f_clk/X (sky130_fd_sc_hd__clkbuf_16)
    10    0.03                           clknet_2_3__leaf_clk (net)
                  0.05    0.00    2.84 ^ _287_/CLK (sky130_fd_sc_hd__dfrtp_1)
                         -0.25    2.59   clock uncertainty
                          0.00    2.59   clock reconvergence pessimism
                          0.19    2.78   library recovery time
                                  2.78   data required time
-----------------------------------------------------------------------------
                                  2.78   data required time
                                 -1.66   data arrival time
-----------------------------------------------------------------------------
                                  1.13   slack (MET)


Startpoint: rst_n (input port clocked by clk)
Endpoint: _289_ (recovery check against rising-edge clock clk)
Path Group: asynchronous
Path Type: max

Fanout     Cap    Slew   Delay    Time   Description
-----------------------------------------------------------------------------
                          0.00    0.00   clock clk (rise edge)
                          0.00    0.00   clock network delay (propagated)
                          0.50    0.50 ^ input external delay
                  0.02    0.01    0.51 ^ rst_n (in)
     1    0.00                           rst_n (net)
                  0.02    0.00    0.51 ^ input1/A (sky130_fd_sc_hd__clkbuf_1)
                  0.06    0.09    0.60 ^ input1/X (sky130_fd_sc_hd__clkbuf_1)
     1    0.00                           net1 (net)
                  0.06    0.00    0.60 ^ hold3/A (sky130_fd_sc_hd__buf_1)
                  0.07    0.11    0.71 ^ hold3/X (sky130_fd_sc_hd__buf_1)
     1    0.00                           net29 (net)
                  0.07    0.00    0.71 ^ hold1/A (sky130_fd_sc_hd__dlygate4sd3_1)
                  0.18    0.67    1.38 ^ hold1/X (sky130_fd_sc_hd__dlygate4sd3_1)
     3    0.02                           net33 (net)
                  0.18    0.00    1.38 ^ fanout26/A (sky130_fd_sc_hd__buf_2)
                  0.20    0.27    1.65 ^ fanout26/X (sky130_fd_sc_hd__buf_2)
     9    0.04                           net26 (net)
                  0.20    0.00    1.66 ^ _289_/RESET_B (sky130_fd_sc_hd__dfrtp_1)
                                  1.66   data arrival time

                          2.50    2.50   clock clk (rise edge)
                          0.00    2.50   clock source latency
                  0.09    0.06    2.56 ^ clk (in)
     1    0.02                           clk (net)
                  0.09    0.00    2.56 ^ clkbuf_0_clk/A (sky130_fd_sc_hd__clkbuf_16)
                  0.06    0.15    2.71 ^ clkbuf_0_clk/X (sky130_fd_sc_hd__clkbuf_16)
     4    0.04                           clknet_0_clk (net)
                  0.06    0.00    2.71 ^ clkbuf_2_3__f_clk/A (sky130_fd_sc_hd__clkbuf_16)
                  0.05    0.13    2.84 ^ clkbuf_2_3__f_clk/X (sky130_fd_sc_hd__clkbuf_16)
    10    0.03                           clknet_2_3__leaf_clk (net)
                  0.05    0.00    2.84 ^ _289_/CLK (sky130_fd_sc_hd__dfrtp_1)
                         -0.25    2.59   clock uncertainty
                          0.00    2.59   clock reconvergence pessimism
                          0.19    2.78   library recovery time
                                  2.78   data required time
-----------------------------------------------------------------------------
                                  2.78   data required time
                                 -1.66   data arrival time
-----------------------------------------------------------------------------
                                  1.13   slack (MET)


Startpoint: rst_n (input port clocked by clk)
Endpoint: _290_ (recovery check against rising-edge clock clk)
Path Group: asynchronous
Path Type: max

Fanout     Cap    Slew   Delay    Time   Description
-----------------------------------------------------------------------------
                          0.00    0.00   clock clk (rise edge)
                          0.00    0.00   clock network delay (propagated)
                          0.50    0.50 ^ input external delay
                  0.02    0.01    0.51 ^ rst_n (in)
     1    0.00                           rst_n (net)
                  0.02    0.00    0.51 ^ input1/A (sky130_fd_sc_hd__clkbuf_1)
                  0.06    0.09    0.60 ^ input1/X (sky130_fd_sc_hd__clkbuf_1)
     1    0.00                           net1 (net)
                  0.06    0.00    0.60 ^ hold3/A (sky130_fd_sc_hd__buf_1)
                  0.07    0.11    0.71 ^ hold3/X (sky130_fd_sc_hd__buf_1)
     1    0.00                           net29 (net)
                  0.07    0.00    0.71 ^ hold1/A (sky130_fd_sc_hd__dlygate4sd3_1)
                  0.18    0.67    1.38 ^ hold1/X (sky130_fd_sc_hd__dlygate4sd3_1)
     3    0.02                           net33 (net)
                  0.18    0.00    1.38 ^ fanout26/A (sky130_fd_sc_hd__buf_2)
                  0.20    0.27    1.65 ^ fanout26/X (sky130_fd_sc_hd__buf_2)
     9    0.04                           net26 (net)
                  0.20    0.00    1.66 ^ _290_/RESET_B (sky130_fd_sc_hd__dfrtp_1)
                                  1.66   data arrival time

                          2.50    2.50   clock clk (rise edge)
                          0.00    2.50   clock source latency
                  0.09    0.06    2.56 ^ clk (in)
     1    0.02                           clk (net)
                  0.09    0.00    2.56 ^ clkbuf_0_clk/A (sky130_fd_sc_hd__clkbuf_16)
                  0.06    0.15    2.71 ^ clkbuf_0_clk/X (sky130_fd_sc_hd__clkbuf_16)
     4    0.04                           clknet_0_clk (net)
                  0.06    0.00    2.71 ^ clkbuf_2_3__f_clk/A (sky130_fd_sc_hd__clkbuf_16)
                  0.05    0.13    2.84 ^ clkbuf_2_3__f_clk/X (sky130_fd_sc_hd__clkbuf_16)
    10    0.03                           clknet_2_3__leaf_clk (net)
                  0.05    0.00    2.84 ^ _290_/CLK (sky130_fd_sc_hd__dfrtp_1)
                         -0.25    2.59   clock uncertainty
                          0.00    2.59   clock reconvergence pessimism
                          0.19    2.78   library recovery time
                                  2.78   data required time
-----------------------------------------------------------------------------
                                  2.78   data required time
                                 -1.66   data arrival time
-----------------------------------------------------------------------------
                                  1.13   slack (MET)


Startpoint: rst_n (input port clocked by clk)
Endpoint: _273_ (recovery check against rising-edge clock clk)
Path Group: asynchronous
Path Type: max

Fanout     Cap    Slew   Delay    Time   Description
-----------------------------------------------------------------------------
                          0.00    0.00   clock clk (rise edge)
                          0.00    0.00   clock network delay (propagated)
                          0.50    0.50 ^ input external delay
                  0.02    0.01    0.51 ^ rst_n (in)
     1    0.00                           rst_n (net)
                  0.02    0.00    0.51 ^ input1/A (sky130_fd_sc_hd__clkbuf_1)
                  0.06    0.09    0.60 ^ input1/X (sky130_fd_sc_hd__clkbuf_1)
     1    0.00                           net1 (net)
                  0.06    0.00    0.60 ^ hold3/A (sky130_fd_sc_hd__buf_1)
                  0.07    0.11    0.71 ^ hold3/X (sky130_fd_sc_hd__buf_1)
     1    0.00                           net29 (net)
                  0.07    0.00    0.71 ^ hold1/A (sky130_fd_sc_hd__dlygate4sd3_1)
                  0.18    0.67    1.38 ^ hold1/X (sky130_fd_sc_hd__dlygate4sd3_1)
     3    0.02                           net33 (net)
                  0.18    0.00    1.38 ^ fanout26/A (sky130_fd_sc_hd__buf_2)
                  0.20    0.27    1.65 ^ fanout26/X (sky130_fd_sc_hd__buf_2)
     9    0.04                           net26 (net)
                  0.20    0.00    1.66 ^ _273_/RESET_B (sky130_fd_sc_hd__dfrtp_1)
                                  1.66   data arrival time

                          2.50    2.50   clock clk (rise edge)
                          0.00    2.50   clock source latency
                  0.09    0.06    2.56 ^ clk (in)
     1    0.02                           clk (net)
                  0.09    0.00    2.56 ^ clkbuf_0_clk/A (sky130_fd_sc_hd__clkbuf_16)
                  0.06    0.15    2.71 ^ clkbuf_0_clk/X (sky130_fd_sc_hd__clkbuf_16)
     4    0.04                           clknet_0_clk (net)
                  0.06    0.00    2.71 ^ clkbuf_2_3__f_clk/A (sky130_fd_sc_hd__clkbuf_16)
                  0.05    0.13    2.84 ^ clkbuf_2_3__f_clk/X (sky130_fd_sc_hd__clkbuf_16)
    10    0.03                           clknet_2_3__leaf_clk (net)
                  0.05    0.00    2.84 ^ _273_/CLK (sky130_fd_sc_hd__dfrtp_1)
                         -0.25    2.59   clock uncertainty
                          0.00    2.59   clock reconvergence pessimism
                          0.19    2.78   library recovery time
                                  2.78   data required time
-----------------------------------------------------------------------------
                                  2.78   data required time
                                 -1.66   data arrival time
-----------------------------------------------------------------------------
                                  1.13   slack (MET)


Startpoint: rst_n (input port clocked by clk)
Endpoint: _288_ (recovery check against rising-edge clock clk)
Path Group: asynchronous
Path Type: max

Fanout     Cap    Slew   Delay    Time   Description
-----------------------------------------------------------------------------
                          0.00    0.00   clock clk (rise edge)
                          0.00    0.00   clock network delay (propagated)
                          0.50    0.50 ^ input external delay
                  0.02    0.01    0.51 ^ rst_n (in)
     1    0.00                           rst_n (net)
                  0.02    0.00    0.51 ^ input1/A (sky130_fd_sc_hd__clkbuf_1)
                  0.06    0.09    0.60 ^ input1/X (sky130_fd_sc_hd__clkbuf_1)
     1    0.00                           net1 (net)
                  0.06    0.00    0.60 ^ hold3/A (sky130_fd_sc_hd__buf_1)
                  0.07    0.11    0.71 ^ hold3/X (sky130_fd_sc_hd__buf_1)
     1    0.00                           net29 (net)
                  0.07    0.00    0.71 ^ hold1/A (sky130_fd_sc_hd__dlygate4sd3_1)
                  0.18    0.67    1.38 ^ hold1/X (sky130_fd_sc_hd__dlygate4sd3_1)
     3    0.02                           net33 (net)
                  0.18    0.00    1.38 ^ fanout26/A (sky130_fd_sc_hd__buf_2)
                  0.20    0.27    1.65 ^ fanout26/X (sky130_fd_sc_hd__buf_2)
     9    0.04                           net26 (net)
                  0.20    0.00    1.66 ^ _288_/RESET_B (sky130_fd_sc_hd__dfrtp_1)
                                  1.66   data arrival time

                          2.50    2.50   clock clk (rise edge)
                          0.00    2.50   clock source latency
                  0.09    0.06    2.56 ^ clk (in)
     1    0.02                           clk (net)
                  0.09    0.00    2.56 ^ clkbuf_0_clk/A (sky130_fd_sc_hd__clkbuf_16)
                  0.06    0.15    2.71 ^ clkbuf_0_clk/X (sky130_fd_sc_hd__clkbuf_16)
     4    0.04                           clknet_0_clk (net)
                  0.06    0.00    2.71 ^ clkbuf_2_3__f_clk/A (sky130_fd_sc_hd__clkbuf_16)
                  0.05    0.13    2.84 ^ clkbuf_2_3__f_clk/X (sky130_fd_sc_hd__clkbuf_16)
    10    0.03                           clknet_2_3__leaf_clk (net)
                  0.05    0.00    2.84 ^ _288_/CLK (sky130_fd_sc_hd__dfrtp_1)
                         -0.25    2.59   clock uncertainty
                          0.00    2.59   clock reconvergence pessimism
                          0.19    2.78   library recovery time
                                  2.78   data required time
-----------------------------------------------------------------------------
                                  2.78   data required time
                                 -1.66   data arrival time
-----------------------------------------------------------------------------
                                  1.13   slack (MET)


Startpoint: rst_n (input port clocked by clk)
Endpoint: _291_ (recovery check against rising-edge clock clk)
Path Group: asynchronous
Path Type: max

Fanout     Cap    Slew   Delay    Time   Description
-----------------------------------------------------------------------------
                          0.00    0.00   clock clk (rise edge)
                          0.00    0.00   clock network delay (propagated)
                          0.50    0.50 ^ input external delay
                  0.02    0.01    0.51 ^ rst_n (in)
     1    0.00                           rst_n (net)
                  0.02    0.00    0.51 ^ input1/A (sky130_fd_sc_hd__clkbuf_1)
                  0.06    0.09    0.60 ^ input1/X (sky130_fd_sc_hd__clkbuf_1)
     1    0.00                           net1 (net)
                  0.06    0.00    0.60 ^ hold3/A (sky130_fd_sc_hd__buf_1)
                  0.07    0.11    0.71 ^ hold3/X (sky130_fd_sc_hd__buf_1)
     1    0.00                           net29 (net)
                  0.07    0.00    0.71 ^ hold1/A (sky130_fd_sc_hd__dlygate4sd3_1)
                  0.18    0.67    1.38 ^ hold1/X (sky130_fd_sc_hd__dlygate4sd3_1)
     3    0.02                           net33 (net)
                  0.18    0.00    1.38 ^ fanout26/A (sky130_fd_sc_hd__buf_2)
                  0.20    0.27    1.65 ^ fanout26/X (sky130_fd_sc_hd__buf_2)
     9    0.04                           net26 (net)
                  0.20    0.00    1.65 ^ _291_/RESET_B (sky130_fd_sc_hd__dfrtp_1)
                                  1.65   data arrival time

                          2.50    2.50   clock clk (rise edge)
                          0.00    2.50   clock source latency
                  0.09    0.06    2.56 ^ clk (in)
     1    0.02                           clk (net)
                  0.09    0.00    2.56 ^ clkbuf_0_clk/A (sky130_fd_sc_hd__clkbuf_16)
                  0.06    0.15    2.71 ^ clkbuf_0_clk/X (sky130_fd_sc_hd__clkbuf_16)
     4    0.04                           clknet_0_clk (net)
                  0.06    0.00    2.71 ^ clkbuf_2_1__f_clk/A (sky130_fd_sc_hd__clkbuf_16)
                  0.06    0.14    2.84 ^ clkbuf_2_1__f_clk/X (sky130_fd_sc_hd__clkbuf_16)
    11    0.03                           clknet_2_1__leaf_clk (net)
                  0.06    0.00    2.84 ^ _291_/CLK (sky130_fd_sc_hd__dfrtp_1)
                         -0.25    2.59   clock uncertainty
                          0.00    2.59   clock reconvergence pessimism
                          0.19    2.79   library recovery time
                                  2.79   data required time
-----------------------------------------------------------------------------
                                  2.79   data required time
                                 -1.65   data arrival time
-----------------------------------------------------------------------------
                                  1.13   slack (MET)


Startpoint: rst_n (input port clocked by clk)
Endpoint: _280_ (recovery check against rising-edge clock clk)
Path Group: asynchronous
Path Type: max

Fanout     Cap    Slew   Delay    Time   Description
-----------------------------------------------------------------------------
                          0.00    0.00   clock clk (rise edge)
                          0.00    0.00   clock network delay (propagated)
                          0.50    0.50 ^ input external delay
                  0.02    0.01    0.51 ^ rst_n (in)
     1    0.00                           rst_n (net)
                  0.02    0.00    0.51 ^ input1/A (sky130_fd_sc_hd__clkbuf_1)
                  0.06    0.09    0.60 ^ input1/X (sky130_fd_sc_hd__clkbuf_1)
     1    0.00                           net1 (net)
                  0.06    0.00    0.60 ^ hold3/A (sky130_fd_sc_hd__buf_1)
                  0.07    0.11    0.71 ^ hold3/X (sky130_fd_sc_hd__buf_1)
     1    0.00                           net29 (net)
                  0.07    0.00    0.71 ^ hold1/A (sky130_fd_sc_hd__dlygate4sd3_1)
                  0.18    0.67    1.38 ^ hold1/X (sky130_fd_sc_hd__dlygate4sd3_1)
     3    0.02                           net33 (net)
                  0.18    0.00    1.38 ^ fanout24/A (sky130_fd_sc_hd__clkbuf_4)
                  0.14    0.26    1.65 ^ fanout24/X (sky130_fd_sc_hd__clkbuf_4)
     7    0.04                           net24 (net)
                  0.14    0.00    1.65 ^ _280_/RESET_B (sky130_fd_sc_hd__dfrtp_2)
                                  1.65   data arrival time

                          2.50    2.50   clock clk (rise edge)
                          0.00    2.50   clock source latency
                  0.09    0.06    2.56 ^ clk (in)
     1    0.02                           clk (net)
                  0.09    0.00    2.56 ^ clkbuf_0_clk/A (sky130_fd_sc_hd__clkbuf_16)
                  0.06    0.15    2.71 ^ clkbuf_0_clk/X (sky130_fd_sc_hd__clkbuf_16)
     4    0.04                           clknet_0_clk (net)
                  0.06    0.00    2.71 ^ clkbuf_2_2__f_clk/A (sky130_fd_sc_hd__clkbuf_16)
                  0.05    0.13    2.84 ^ clkbuf_2_2__f_clk/X (sky130_fd_sc_hd__clkbuf_16)
    11    0.03                           clknet_2_2__leaf_clk (net)
                  0.05    0.00    2.84 ^ _280_/CLK (sky130_fd_sc_hd__dfrtp_2)
                         -0.25    2.59   clock uncertainty
                          0.00    2.59   clock reconvergence pessimism
                          0.19    2.78   library recovery time
                                  2.78   data required time
-----------------------------------------------------------------------------
                                  2.78   data required time
                                 -1.65   data arrival time
-----------------------------------------------------------------------------
                                  1.14   slack (MET)


Startpoint: rst_n (input port clocked by clk)
Endpoint: _259_ (recovery check against rising-edge clock clk)
Path Group: asynchronous
Path Type: max

Fanout     Cap    Slew   Delay    Time   Description
-----------------------------------------------------------------------------
                          0.00    0.00   clock clk (rise edge)
                          0.00    0.00   clock network delay (propagated)
                          0.50    0.50 ^ input external delay
                  0.02    0.01    0.51 ^ rst_n (in)
     1    0.00                           rst_n (net)
                  0.02    0.00    0.51 ^ input1/A (sky130_fd_sc_hd__clkbuf_1)
                  0.06    0.09    0.60 ^ input1/X (sky130_fd_sc_hd__clkbuf_1)
     1    0.00                           net1 (net)
                  0.06    0.00    0.60 ^ hold3/A (sky130_fd_sc_hd__buf_1)
                  0.07    0.11    0.71 ^ hold3/X (sky130_fd_sc_hd__buf_1)
     1    0.00                           net29 (net)
                  0.07    0.00    0.71 ^ hold1/A (sky130_fd_sc_hd__dlygate4sd3_1)
                  0.18    0.67    1.38 ^ hold1/X (sky130_fd_sc_hd__dlygate4sd3_1)
     3    0.02                           net33 (net)
                  0.18    0.00    1.38 ^ fanout25/A (sky130_fd_sc_hd__clkbuf_4)
                  0.15    0.27    1.66 ^ fanout25/X (sky130_fd_sc_hd__clkbuf_4)
    10    0.05                           net25 (net)
                  0.15    0.00    1.66 ^ _259_/RESET_B (sky130_fd_sc_hd__dfrtp_1)
                                  1.66   data arrival time

                          2.50    2.50   clock clk (rise edge)
                          0.00    2.50   clock source latency
                  0.09    0.06    2.56 ^ clk (in)
     1    0.02                           clk (net)
                  0.09    0.00    2.56 ^ clkbuf_0_clk/A (sky130_fd_sc_hd__clkbuf_16)
                  0.06    0.15    2.71 ^ clkbuf_0_clk/X (sky130_fd_sc_hd__clkbuf_16)
     4    0.04                           clknet_0_clk (net)
                  0.06    0.00    2.71 ^ clkbuf_2_1__f_clk/A (sky130_fd_sc_hd__clkbuf_16)
                  0.06    0.14    2.84 ^ clkbuf_2_1__f_clk/X (sky130_fd_sc_hd__clkbuf_16)
    11    0.03                           clknet_2_1__leaf_clk (net)
                  0.06    0.00    2.84 ^ _259_/CLK (sky130_fd_sc_hd__dfrtp_1)
                         -0.25    2.59   clock uncertainty
                          0.00    2.59   clock reconvergence pessimism
                          0.21    2.80   library recovery time
                                  2.80   data required time
-----------------------------------------------------------------------------
                                  2.80   data required time
                                 -1.66   data arrival time
-----------------------------------------------------------------------------
                                  1.14   slack (MET)


Startpoint: rst_n (input port clocked by clk)
Endpoint: _261_ (recovery check against rising-edge clock clk)
Path Group: asynchronous
Path Type: max

Fanout     Cap    Slew   Delay    Time   Description
-----------------------------------------------------------------------------
                          0.00    0.00   clock clk (rise edge)
                          0.00    0.00   clock network delay (propagated)
                          0.50    0.50 ^ input external delay
                  0.02    0.01    0.51 ^ rst_n (in)
     1    0.00                           rst_n (net)
                  0.02    0.00    0.51 ^ input1/A (sky130_fd_sc_hd__clkbuf_1)
                  0.06    0.09    0.60 ^ input1/X (sky130_fd_sc_hd__clkbuf_1)
     1    0.00                           net1 (net)
                  0.06    0.00    0.60 ^ hold3/A (sky130_fd_sc_hd__buf_1)
                  0.07    0.11    0.71 ^ hold3/X (sky130_fd_sc_hd__buf_1)
     1    0.00                           net29 (net)
                  0.07    0.00    0.71 ^ hold1/A (sky130_fd_sc_hd__dlygate4sd3_1)
                  0.18    0.67    1.38 ^ hold1/X (sky130_fd_sc_hd__dlygate4sd3_1)
     3    0.02                           net33 (net)
                  0.18    0.00    1.38 ^ fanout25/A (sky130_fd_sc_hd__clkbuf_4)
                  0.15    0.27    1.66 ^ fanout25/X (sky130_fd_sc_hd__clkbuf_4)
    10    0.05                           net25 (net)
                  0.15    0.00    1.66 ^ _261_/RESET_B (sky130_fd_sc_hd__dfrtp_1)
                                  1.66   data arrival time

                          2.50    2.50   clock clk (rise edge)
                          0.00    2.50   clock source latency
                  0.09    0.06    2.56 ^ clk (in)
     1    0.02                           clk (net)
                  0.09    0.00    2.56 ^ clkbuf_0_clk/A (sky130_fd_sc_hd__clkbuf_16)
                  0.06    0.15    2.71 ^ clkbuf_0_clk/X (sky130_fd_sc_hd__clkbuf_16)
     4    0.04                           clknet_0_clk (net)
                  0.06    0.00    2.71 ^ clkbuf_2_1__f_clk/A (sky130_fd_sc_hd__clkbuf_16)
                  0.06    0.14    2.84 ^ clkbuf_2_1__f_clk/X (sky130_fd_sc_hd__clkbuf_16)
    11    0.03                           clknet_2_1__leaf_clk (net)
                  0.06    0.00    2.84 ^ _261_/CLK (sky130_fd_sc_hd__dfrtp_1)
                         -0.25    2.59   clock uncertainty
                          0.00    2.59   clock reconvergence pessimism
                          0.21    2.80   library recovery time
                                  2.80   data required time
-----------------------------------------------------------------------------
                                  2.80   data required time
                                 -1.66   data arrival time
-----------------------------------------------------------------------------
                                  1.14   slack (MET)


Startpoint: rst_n (input port clocked by clk)
Endpoint: _260_ (recovery check against rising-edge clock clk)
Path Group: asynchronous
Path Type: max

Fanout     Cap    Slew   Delay    Time   Description
-----------------------------------------------------------------------------
                          0.00    0.00   clock clk (rise edge)
                          0.00    0.00   clock network delay (propagated)
                          0.50    0.50 ^ input external delay
                  0.02    0.01    0.51 ^ rst_n (in)
     1    0.00                           rst_n (net)
                  0.02    0.00    0.51 ^ input1/A (sky130_fd_sc_hd__clkbuf_1)
                  0.06    0.09    0.60 ^ input1/X (sky130_fd_sc_hd__clkbuf_1)
     1    0.00                           net1 (net)
                  0.06    0.00    0.60 ^ hold3/A (sky130_fd_sc_hd__buf_1)
                  0.07    0.11    0.71 ^ hold3/X (sky130_fd_sc_hd__buf_1)
     1    0.00                           net29 (net)
                  0.07    0.00    0.71 ^ hold1/A (sky130_fd_sc_hd__dlygate4sd3_1)
                  0.18    0.67    1.38 ^ hold1/X (sky130_fd_sc_hd__dlygate4sd3_1)
     3    0.02                           net33 (net)
                  0.18    0.00    1.38 ^ fanout25/A (sky130_fd_sc_hd__clkbuf_4)
                  0.15    0.27    1.66 ^ fanout25/X (sky130_fd_sc_hd__clkbuf_4)
    10    0.05                           net25 (net)
                  0.15    0.00    1.66 ^ _260_/RESET_B (sky130_fd_sc_hd__dfrtp_1)
                                  1.66   data arrival time

                          2.50    2.50   clock clk (rise edge)
                          0.00    2.50   clock source latency
                  0.09    0.06    2.56 ^ clk (in)
     1    0.02                           clk (net)
                  0.09    0.00    2.56 ^ clkbuf_0_clk/A (sky130_fd_sc_hd__clkbuf_16)
                  0.06    0.15    2.71 ^ clkbuf_0_clk/X (sky130_fd_sc_hd__clkbuf_16)
     4    0.04                           clknet_0_clk (net)
                  0.06    0.00    2.71 ^ clkbuf_2_1__f_clk/A (sky130_fd_sc_hd__clkbuf_16)
                  0.06    0.14    2.84 ^ clkbuf_2_1__f_clk/X (sky130_fd_sc_hd__clkbuf_16)
    11    0.03                           clknet_2_1__leaf_clk (net)
                  0.06    0.00    2.84 ^ _260_/CLK (sky130_fd_sc_hd__dfrtp_1)
                         -0.25    2.59   clock uncertainty
                          0.00    2.59   clock reconvergence pessimism
                          0.21    2.80   library recovery time
                                  2.80   data required time
-----------------------------------------------------------------------------
                                  2.80   data required time
                                 -1.66   data arrival time
-----------------------------------------------------------------------------
                                  1.14   slack (MET)


Startpoint: rst_n (input port clocked by clk)
Endpoint: _262_ (recovery check against rising-edge clock clk)
Path Group: asynchronous
Path Type: max

Fanout     Cap    Slew   Delay    Time   Description
-----------------------------------------------------------------------------
                          0.00    0.00   clock clk (rise edge)
                          0.00    0.00   clock network delay (propagated)
                          0.50    0.50 ^ input external delay
                  0.02    0.01    0.51 ^ rst_n (in)
     1    0.00                           rst_n (net)
                  0.02    0.00    0.51 ^ input1/A (sky130_fd_sc_hd__clkbuf_1)
                  0.06    0.09    0.60 ^ input1/X (sky130_fd_sc_hd__clkbuf_1)
     1    0.00                           net1 (net)
                  0.06    0.00    0.60 ^ hold3/A (sky130_fd_sc_hd__buf_1)
                  0.07    0.11    0.71 ^ hold3/X (sky130_fd_sc_hd__buf_1)
     1    0.00                           net29 (net)
                  0.07    0.00    0.71 ^ hold1/A (sky130_fd_sc_hd__dlygate4sd3_1)
                  0.18    0.67    1.38 ^ hold1/X (sky130_fd_sc_hd__dlygate4sd3_1)
     3    0.02                           net33 (net)
                  0.18    0.00    1.38 ^ fanout25/A (sky130_fd_sc_hd__clkbuf_4)
                  0.15    0.27    1.66 ^ fanout25/X (sky130_fd_sc_hd__clkbuf_4)
    10    0.05                           net25 (net)
                  0.15    0.00    1.66 ^ _262_/RESET_B (sky130_fd_sc_hd__dfrtp_1)
                                  1.66   data arrival time

                          2.50    2.50   clock clk (rise edge)
                          0.00    2.50   clock source latency
                  0.09    0.06    2.56 ^ clk (in)
     1    0.02                           clk (net)
                  0.09    0.00    2.56 ^ clkbuf_0_clk/A (sky130_fd_sc_hd__clkbuf_16)
                  0.06    0.15    2.71 ^ clkbuf_0_clk/X (sky130_fd_sc_hd__clkbuf_16)
     4    0.04                           clknet_0_clk (net)
                  0.06    0.00    2.71 ^ clkbuf_2_1__f_clk/A (sky130_fd_sc_hd__clkbuf_16)
                  0.06    0.14    2.84 ^ clkbuf_2_1__f_clk/X (sky130_fd_sc_hd__clkbuf_16)
    11    0.03                           clknet_2_1__leaf_clk (net)
                  0.06    0.00    2.84 ^ _262_/CLK (sky130_fd_sc_hd__dfrtp_1)
                         -0.25    2.59   clock uncertainty
                          0.00    2.59   clock reconvergence pessimism
                          0.21    2.80   library recovery time
                                  2.80   data required time
-----------------------------------------------------------------------------
                                  2.80   data required time
                                 -1.66   data arrival time
-----------------------------------------------------------------------------
                                  1.14   slack (MET)


Startpoint: rst_n (input port clocked by clk)
Endpoint: _286_ (recovery check against rising-edge clock clk)
Path Group: asynchronous
Path Type: max

Fanout     Cap    Slew   Delay    Time   Description
-----------------------------------------------------------------------------
                          0.00    0.00   clock clk (rise edge)
                          0.00    0.00   clock network delay (propagated)
                          0.50    0.50 ^ input external delay
                  0.02    0.01    0.51 ^ rst_n (in)
     1    0.00                           rst_n (net)
                  0.02    0.00    0.51 ^ input1/A (sky130_fd_sc_hd__clkbuf_1)
                  0.06    0.09    0.60 ^ input1/X (sky130_fd_sc_hd__clkbuf_1)
     1    0.00                           net1 (net)
                  0.06    0.00    0.60 ^ hold3/A (sky130_fd_sc_hd__buf_1)
                  0.07    0.11    0.71 ^ hold3/X (sky130_fd_sc_hd__buf_1)
     1    0.00                           net29 (net)
                  0.07    0.00    0.71 ^ hold1/A (sky130_fd_sc_hd__dlygate4sd3_1)
                  0.18    0.67    1.38 ^ hold1/X (sky130_fd_sc_hd__dlygate4sd3_1)
     3    0.02                           net33 (net)
                  0.18    0.00    1.38 ^ fanout25/A (sky130_fd_sc_hd__clkbuf_4)
                  0.15    0.27    1.66 ^ fanout25/X (sky130_fd_sc_hd__clkbuf_4)
    10    0.05                           net25 (net)
                  0.15    0.00    1.66 ^ _286_/RESET_B (sky130_fd_sc_hd__dfrtp_1)
                                  1.66   data arrival time

                          2.50    2.50   clock clk (rise edge)
                          0.00    2.50   clock source latency
                  0.09    0.06    2.56 ^ clk (in)
     1    0.02                           clk (net)
                  0.09    0.00    2.56 ^ clkbuf_0_clk/A (sky130_fd_sc_hd__clkbuf_16)
                  0.06    0.15    2.71 ^ clkbuf_0_clk/X (sky130_fd_sc_hd__clkbuf_16)
     4    0.04                           clknet_0_clk (net)
                  0.06    0.00    2.71 ^ clkbuf_2_1__f_clk/A (sky130_fd_sc_hd__clkbuf_16)
                  0.06    0.14    2.84 ^ clkbuf_2_1__f_clk/X (sky130_fd_sc_hd__clkbuf_16)
    11    0.03                           clknet_2_1__leaf_clk (net)
                  0.06    0.00    2.84 ^ _286_/CLK (sky130_fd_sc_hd__dfrtp_1)
                         -0.25    2.59   clock uncertainty
                          0.00    2.59   clock reconvergence pessimism
                          0.21    2.80   library recovery time
                                  2.80   data required time
-----------------------------------------------------------------------------
                                  2.80   data required time
                                 -1.66   data arrival time
-----------------------------------------------------------------------------
                                  1.14   slack (MET)


Startpoint: rst_n (input port clocked by clk)
Endpoint: _263_ (recovery check against rising-edge clock clk)
Path Group: asynchronous
Path Type: max

Fanout     Cap    Slew   Delay    Time   Description
-----------------------------------------------------------------------------
                          0.00    0.00   clock clk (rise edge)
                          0.00    0.00   clock network delay (propagated)
                          0.50    0.50 ^ input external delay
                  0.02    0.01    0.51 ^ rst_n (in)
     1    0.00                           rst_n (net)
                  0.02    0.00    0.51 ^ input1/A (sky130_fd_sc_hd__clkbuf_1)
                  0.06    0.09    0.60 ^ input1/X (sky130_fd_sc_hd__clkbuf_1)
     1    0.00                           net1 (net)
                  0.06    0.00    0.60 ^ hold3/A (sky130_fd_sc_hd__buf_1)
                  0.07    0.11    0.71 ^ hold3/X (sky130_fd_sc_hd__buf_1)
     1    0.00                           net29 (net)
                  0.07    0.00    0.71 ^ hold1/A (sky130_fd_sc_hd__dlygate4sd3_1)
                  0.18    0.67    1.38 ^ hold1/X (sky130_fd_sc_hd__dlygate4sd3_1)
     3    0.02                           net33 (net)
                  0.18    0.00    1.38 ^ fanout25/A (sky130_fd_sc_hd__clkbuf_4)
                  0.15    0.27    1.66 ^ fanout25/X (sky130_fd_sc_hd__clkbuf_4)
    10    0.05                           net25 (net)
                  0.15    0.00    1.66 ^ _263_/RESET_B (sky130_fd_sc_hd__dfrtp_1)
                                  1.66   data arrival time

                          2.50    2.50   clock clk (rise edge)
                          0.00    2.50   clock source latency
                  0.09    0.06    2.56 ^ clk (in)
     1    0.02                           clk (net)
                  0.09    0.00    2.56 ^ clkbuf_0_clk/A (sky130_fd_sc_hd__clkbuf_16)
                  0.06    0.15    2.71 ^ clkbuf_0_clk/X (sky130_fd_sc_hd__clkbuf_16)
     4    0.04                           clknet_0_clk (net)
                  0.06    0.00    2.71 ^ clkbuf_2_1__f_clk/A (sky130_fd_sc_hd__clkbuf_16)
                  0.06    0.14    2.84 ^ clkbuf_2_1__f_clk/X (sky130_fd_sc_hd__clkbuf_16)
    11    0.03                           clknet_2_1__leaf_clk (net)
                  0.06    0.00    2.84 ^ _263_/CLK (sky130_fd_sc_hd__dfrtp_1)
                         -0.25    2.59   clock uncertainty
                          0.00    2.59   clock reconvergence pessimism
                          0.21    2.80   library recovery time
                                  2.80   data required time
-----------------------------------------------------------------------------
                                  2.80   data required time
                                 -1.66   data arrival time
-----------------------------------------------------------------------------
                                  1.14   slack (MET)


Startpoint: rst_n (input port clocked by clk)
Endpoint: _271_ (recovery check against rising-edge clock clk)
Path Group: asynchronous
Path Type: max

Fanout     Cap    Slew   Delay    Time   Description
-----------------------------------------------------------------------------
                          0.00    0.00   clock clk (rise edge)
                          0.00    0.00   clock network delay (propagated)
                          0.50    0.50 ^ input external delay
                  0.02    0.01    0.51 ^ rst_n (in)
     1    0.00                           rst_n (net)
                  0.02    0.00    0.51 ^ input1/A (sky130_fd_sc_hd__clkbuf_1)
                  0.06    0.09    0.60 ^ input1/X (sky130_fd_sc_hd__clkbuf_1)
     1    0.00                           net1 (net)
                  0.06    0.00    0.60 ^ hold3/A (sky130_fd_sc_hd__buf_1)
                  0.07    0.11    0.71 ^ hold3/X (sky130_fd_sc_hd__buf_1)
     1    0.00                           net29 (net)
                  0.07    0.00    0.71 ^ hold1/A (sky130_fd_sc_hd__dlygate4sd3_1)
                  0.18    0.67    1.38 ^ hold1/X (sky130_fd_sc_hd__dlygate4sd3_1)
     3    0.02                           net33 (net)
                  0.18    0.00    1.38 ^ fanout25/A (sky130_fd_sc_hd__clkbuf_4)
                  0.15    0.27    1.66 ^ fanout25/X (sky130_fd_sc_hd__clkbuf_4)
    10    0.05                           net25 (net)
                  0.15    0.00    1.66 ^ _271_/RESET_B (sky130_fd_sc_hd__dfrtp_1)
                                  1.66   data arrival time

                          2.50    2.50   clock clk (rise edge)
                          0.00    2.50   clock source latency
                  0.09    0.06    2.56 ^ clk (in)
     1    0.02                           clk (net)
                  0.09    0.00    2.56 ^ clkbuf_0_clk/A (sky130_fd_sc_hd__clkbuf_16)
                  0.06    0.15    2.71 ^ clkbuf_0_clk/X (sky130_fd_sc_hd__clkbuf_16)
     4    0.04                           clknet_0_clk (net)
                  0.06    0.00    2.71 ^ clkbuf_2_1__f_clk/A (sky130_fd_sc_hd__clkbuf_16)
                  0.06    0.14    2.84 ^ clkbuf_2_1__f_clk/X (sky130_fd_sc_hd__clkbuf_16)
    11    0.03                           clknet_2_1__leaf_clk (net)
                  0.06    0.00    2.84 ^ _271_/CLK (sky130_fd_sc_hd__dfrtp_1)
                         -0.25    2.59   clock uncertainty
                          0.00    2.59   clock reconvergence pessimism
                          0.21    2.80   library recovery time
                                  2.80   data required time
-----------------------------------------------------------------------------
                                  2.80   data required time
                                 -1.66   data arrival time
-----------------------------------------------------------------------------
                                  1.14   slack (MET)


Startpoint: rst_n (input port clocked by clk)
Endpoint: _272_ (recovery check against rising-edge clock clk)
Path Group: asynchronous
Path Type: max

Fanout     Cap    Slew   Delay    Time   Description
-----------------------------------------------------------------------------
                          0.00    0.00   clock clk (rise edge)
                          0.00    0.00   clock network delay (propagated)
                          0.50    0.50 ^ input external delay
                  0.02    0.01    0.51 ^ rst_n (in)
     1    0.00                           rst_n (net)
                  0.02    0.00    0.51 ^ input1/A (sky130_fd_sc_hd__clkbuf_1)
                  0.06    0.09    0.60 ^ input1/X (sky130_fd_sc_hd__clkbuf_1)
     1    0.00                           net1 (net)
                  0.06    0.00    0.60 ^ hold3/A (sky130_fd_sc_hd__buf_1)
                  0.07    0.11    0.71 ^ hold3/X (sky130_fd_sc_hd__buf_1)
     1    0.00                           net29 (net)
                  0.07    0.00    0.71 ^ hold1/A (sky130_fd_sc_hd__dlygate4sd3_1)
                  0.18    0.67    1.38 ^ hold1/X (sky130_fd_sc_hd__dlygate4sd3_1)
     3    0.02                           net33 (net)
                  0.18    0.00    1.38 ^ fanout25/A (sky130_fd_sc_hd__clkbuf_4)
                  0.15    0.27    1.66 ^ fanout25/X (sky130_fd_sc_hd__clkbuf_4)
    10    0.05                           net25 (net)
                  0.15    0.00    1.66 ^ _272_/RESET_B (sky130_fd_sc_hd__dfrtp_1)
                                  1.66   data arrival time

                          2.50    2.50   clock clk (rise edge)
                          0.00    2.50   clock source latency
                  0.09    0.06    2.56 ^ clk (in)
     1    0.02                           clk (net)
                  0.09    0.00    2.56 ^ clkbuf_0_clk/A (sky130_fd_sc_hd__clkbuf_16)
                  0.06    0.15    2.71 ^ clkbuf_0_clk/X (sky130_fd_sc_hd__clkbuf_16)
     4    0.04                           clknet_0_clk (net)
                  0.06    0.00    2.71 ^ clkbuf_2_1__f_clk/A (sky130_fd_sc_hd__clkbuf_16)
                  0.06    0.14    2.84 ^ clkbuf_2_1__f_clk/X (sky130_fd_sc_hd__clkbuf_16)
    11    0.03                           clknet_2_1__leaf_clk (net)
                  0.06    0.00    2.84 ^ _272_/CLK (sky130_fd_sc_hd__dfrtp_1)
                         -0.25    2.59   clock uncertainty
                          0.00    2.59   clock reconvergence pessimism
                          0.21    2.80   library recovery time
                                  2.80   data required time
-----------------------------------------------------------------------------
                                  2.80   data required time
                                 -1.66   data arrival time
-----------------------------------------------------------------------------
                                  1.14   slack (MET)


Startpoint: rst_n (input port clocked by clk)
Endpoint: _293_ (recovery check against rising-edge clock clk)
Path Group: asynchronous
Path Type: max

Fanout     Cap    Slew   Delay    Time   Description
-----------------------------------------------------------------------------
                          0.00    0.00   clock clk (rise edge)
                          0.00    0.00   clock network delay (propagated)
                          0.50    0.50 ^ input external delay
                  0.02    0.01    0.51 ^ rst_n (in)
     1    0.00                           rst_n (net)
                  0.02    0.00    0.51 ^ input1/A (sky130_fd_sc_hd__clkbuf_1)
                  0.06    0.09    0.60 ^ input1/X (sky130_fd_sc_hd__clkbuf_1)
     1    0.00                           net1 (net)
                  0.06    0.00    0.60 ^ hold3/A (sky130_fd_sc_hd__buf_1)
                  0.07    0.11    0.71 ^ hold3/X (sky130_fd_sc_hd__buf_1)
     1    0.00                           net29 (net)
                  0.07    0.00    0.71 ^ hold1/A (sky130_fd_sc_hd__dlygate4sd3_1)
                  0.18    0.67    1.38 ^ hold1/X (sky130_fd_sc_hd__dlygate4sd3_1)
     3    0.02                           net33 (net)
                  0.18    0.00    1.38 ^ fanout25/A (sky130_fd_sc_hd__clkbuf_4)
                  0.15    0.27    1.66 ^ fanout25/X (sky130_fd_sc_hd__clkbuf_4)
    10    0.05                           net25 (net)
                  0.15    0.00    1.66 ^ _293_/RESET_B (sky130_fd_sc_hd__dfrtp_1)
                                  1.66   data arrival time

                          2.50    2.50   clock clk (rise edge)
                          0.00    2.50   clock source latency
                  0.09    0.06    2.56 ^ clk (in)
     1    0.02                           clk (net)
                  0.09    0.00    2.56 ^ clkbuf_0_clk/A (sky130_fd_sc_hd__clkbuf_16)
                  0.06    0.15    2.71 ^ clkbuf_0_clk/X (sky130_fd_sc_hd__clkbuf_16)
     4    0.04                           clknet_0_clk (net)
                  0.06    0.00    2.71 ^ clkbuf_2_1__f_clk/A (sky130_fd_sc_hd__clkbuf_16)
                  0.06    0.14    2.84 ^ clkbuf_2_1__f_clk/X (sky130_fd_sc_hd__clkbuf_16)
    11    0.03                           clknet_2_1__leaf_clk (net)
                  0.06    0.00    2.84 ^ _293_/CLK (sky130_fd_sc_hd__dfrtp_1)
                         -0.25    2.59   clock uncertainty
                          0.00    2.59   clock reconvergence pessimism
                          0.21    2.80   library recovery time
                                  2.80   data required time
-----------------------------------------------------------------------------
                                  2.80   data required time
                                 -1.66   data arrival time
-----------------------------------------------------------------------------
                                  1.14   slack (MET)


Startpoint: rst_n (input port clocked by clk)
Endpoint: _292_ (recovery check against rising-edge clock clk)
Path Group: asynchronous
Path Type: max

Fanout     Cap    Slew   Delay    Time   Description
-----------------------------------------------------------------------------
                          0.00    0.00   clock clk (rise edge)
                          0.00    0.00   clock network delay (propagated)
                          0.50    0.50 ^ input external delay
                  0.02    0.01    0.51 ^ rst_n (in)
     1    0.00                           rst_n (net)
                  0.02    0.00    0.51 ^ input1/A (sky130_fd_sc_hd__clkbuf_1)
                  0.06    0.09    0.60 ^ input1/X (sky130_fd_sc_hd__clkbuf_1)
     1    0.00                           net1 (net)
                  0.06    0.00    0.60 ^ hold3/A (sky130_fd_sc_hd__buf_1)
                  0.07    0.11    0.71 ^ hold3/X (sky130_fd_sc_hd__buf_1)
     1    0.00                           net29 (net)
                  0.07    0.00    0.71 ^ hold1/A (sky130_fd_sc_hd__dlygate4sd3_1)
                  0.18    0.67    1.38 ^ hold1/X (sky130_fd_sc_hd__dlygate4sd3_1)
     3    0.02                           net33 (net)
                  0.18    0.00    1.38 ^ fanout25/A (sky130_fd_sc_hd__clkbuf_4)
                  0.15    0.27    1.66 ^ fanout25/X (sky130_fd_sc_hd__clkbuf_4)
    10    0.05                           net25 (net)
                  0.15    0.00    1.66 ^ _292_/RESET_B (sky130_fd_sc_hd__dfrtp_1)
                                  1.66   data arrival time

                          2.50    2.50   clock clk (rise edge)
                          0.00    2.50   clock source latency
                  0.09    0.06    2.56 ^ clk (in)
     1    0.02                           clk (net)
                  0.09    0.00    2.56 ^ clkbuf_0_clk/A (sky130_fd_sc_hd__clkbuf_16)
                  0.06    0.15    2.71 ^ clkbuf_0_clk/X (sky130_fd_sc_hd__clkbuf_16)
     4    0.04                           clknet_0_clk (net)
                  0.06    0.00    2.71 ^ clkbuf_2_1__f_clk/A (sky130_fd_sc_hd__clkbuf_16)
                  0.06    0.14    2.84 ^ clkbuf_2_1__f_clk/X (sky130_fd_sc_hd__clkbuf_16)
    11    0.03                           clknet_2_1__leaf_clk (net)
                  0.06    0.00    2.84 ^ _292_/CLK (sky130_fd_sc_hd__dfrtp_1)
                         -0.25    2.59   clock uncertainty
                          0.00    2.59   clock reconvergence pessimism
                          0.21    2.80   library recovery time
                                  2.80   data required time
-----------------------------------------------------------------------------
                                  2.80   data required time
                                 -1.66   data arrival time
-----------------------------------------------------------------------------
                                  1.14   slack (MET)


Startpoint: _262_ (rising edge-triggered flip-flop clocked by clk)
Endpoint: _264_ (rising edge-triggered flip-flop clocked by clk)
Path Group: clk
Path Type: max

Fanout     Cap    Slew   Delay    Time   Description
-----------------------------------------------------------------------------
                          0.00    0.00   clock clk (rise edge)
                          0.00    0.00   clock source latency
                  0.09    0.06    0.06 ^ clk (in)
     1    0.02                           clk (net)
                  0.09    0.00    0.06 ^ clkbuf_0_clk/A (sky130_fd_sc_hd__clkbuf_16)
                  0.06    0.17    0.23 ^ clkbuf_0_clk/X (sky130_fd_sc_hd__clkbuf_16)
     4    0.04                           clknet_0_clk (net)
                  0.06    0.00    0.23 ^ clkbuf_2_1__f_clk/A (sky130_fd_sc_hd__clkbuf_16)
                  0.06    0.15    0.38 ^ clkbuf_2_1__f_clk/X (sky130_fd_sc_hd__clkbuf_16)
    11    0.03                           clknet_2_1__leaf_clk (net)
                  0.06    0.00    0.38 ^ _262_/CLK (sky130_fd_sc_hd__dfrtp_1)
                  0.06    0.40    0.78 v _262_/Q (sky130_fd_sc_hd__dfrtp_1)
     3    0.01                           u_baud.count[3] (net)
                  0.06    0.00    0.78 v _129_/B (sky130_fd_sc_hd__and3b_1)
                  0.03    0.17    0.95 v _129_/X (sky130_fd_sc_hd__and3b_1)
     1    0.00                           _126_ (net)
                  0.03    0.00    0.95 v _130_/C (sky130_fd_sc_hd__and3b_1)
                  0.03    0.17    1.12 v _130_/X (sky130_fd_sc_hd__and3b_1)
     1    0.00                           _041_ (net)
                  0.03    0.00    1.12 v _131_/A (sky130_fd_sc_hd__dlymetal6s2s_1)
                  0.10    0.20    1.32 v _131_/X (sky130_fd_sc_hd__dlymetal6s2s_1)
     5    0.02                           _005_ (net)
                  0.10    0.00    1.32 v _264_/D (sky130_fd_sc_hd__dfrtp_4)
                                  1.32   data arrival time

                          2.50    2.50   clock clk (rise edge)
                          0.00    2.50   clock source latency
                  0.09    0.06    2.56 ^ clk (in)
     1    0.02                           clk (net)
                  0.09    0.00    2.56 ^ clkbuf_0_clk/A (sky130_fd_sc_hd__clkbuf_16)
                  0.06    0.15    2.71 ^ clkbuf_0_clk/X (sky130_fd_sc_hd__clkbuf_16)
     4    0.04                           clknet_0_clk (net)
                  0.06    0.00    2.71 ^ clkbuf_2_0__f_clk/A (sky130_fd_sc_hd__clkbuf_16)
                  0.05    0.13    2.84 ^ clkbuf_2_0__f_clk/X (sky130_fd_sc_hd__clkbuf_16)
     9    0.03                           clknet_2_0__leaf_clk (net)
                  0.05    0.00    2.84 ^ _264_/CLK (sky130_fd_sc_hd__dfrtp_4)
                         -0.25    2.59   clock uncertainty
                          0.02    2.61   clock reconvergence pessimism
                         -0.14    2.47   library setup time
                                  2.47   data required time
-----------------------------------------------------------------------------
                                  2.47   data required time
                                 -1.32   data arrival time
-----------------------------------------------------------------------------
                                  1.15   slack (MET)


Startpoint: rst_n (input port clocked by clk)
Endpoint: _274_ (recovery check against rising-edge clock clk)
Path Group: asynchronous
Path Type: max

Fanout     Cap    Slew   Delay    Time   Description
-----------------------------------------------------------------------------
                          0.00    0.00   clock clk (rise edge)
                          0.00    0.00   clock network delay (propagated)
                          0.50    0.50 ^ input external delay
                  0.02    0.01    0.51 ^ rst_n (in)
     1    0.00                           rst_n (net)
                  0.02    0.00    0.51 ^ input1/A (sky130_fd_sc_hd__clkbuf_1)
                  0.06    0.09    0.60 ^ input1/X (sky130_fd_sc_hd__clkbuf_1)
     1    0.00                           net1 (net)
                  0.06    0.00    0.60 ^ hold3/A (sky130_fd_sc_hd__buf_1)
                  0.07    0.11    0.71 ^ hold3/X (sky130_fd_sc_hd__buf_1)
     1    0.00                           net29 (net)
                  0.07    0.00    0.71 ^ hold1/A (sky130_fd_sc_hd__dlygate4sd3_1)
                  0.18    0.67    1.38 ^ hold1/X (sky130_fd_sc_hd__dlygate4sd3_1)
     3    0.02                           net33 (net)
                  0.18    0.00    1.38 ^ fanout24/A (sky130_fd_sc_hd__clkbuf_4)
                  0.14    0.26    1.65 ^ fanout24/X (sky130_fd_sc_hd__clkbuf_4)
     7    0.04                           net24 (net)
                  0.14    0.00    1.65 ^ _274_/RESET_B (sky130_fd_sc_hd__dfrtp_1)
                                  1.65   data arrival time

                          2.50    2.50   clock clk (rise edge)
                          0.00    2.50   clock source latency
                  0.09    0.06    2.56 ^ clk (in)
     1    0.02                           clk (net)
                  0.09    0.00    2.56 ^ clkbuf_0_clk/A (sky130_fd_sc_hd__clkbuf_16)
                  0.06    0.15    2.71 ^ clkbuf_0_clk/X (sky130_fd_sc_hd__clkbuf_16)
     4    0.04                           clknet_0_clk (net)
                  0.06    0.00    2.71 ^ clkbuf_2_2__f_clk/A (sky130_fd_sc_hd__clkbuf_16)
                  0.05    0.13    2.84 ^ clkbuf_2_2__f_clk/X (sky130_fd_sc_hd__clkbuf_16)
    11    0.03                           clknet_2_2__leaf_clk (net)
                  0.05    0.00    2.84 ^ _274_/CLK (sky130_fd_sc_hd__dfrtp_1)
                         -0.25    2.59   clock uncertainty
                          0.00    2.59   clock reconvergence pessimism
                          0.21    2.80   library recovery time
                                  2.80   data required time
-----------------------------------------------------------------------------
                                  2.80   data required time
                                 -1.65   data arrival time
-----------------------------------------------------------------------------
                                  1.15   slack (MET)


Startpoint: rst_n (input port clocked by clk)
Endpoint: _275_ (recovery check against rising-edge clock clk)
Path Group: asynchronous
Path Type: max

Fanout     Cap    Slew   Delay    Time   Description
-----------------------------------------------------------------------------
                          0.00    0.00   clock clk (rise edge)
                          0.00    0.00   clock network delay (propagated)
                          0.50    0.50 ^ input external delay
                  0.02    0.01    0.51 ^ rst_n (in)
     1    0.00                           rst_n (net)
                  0.02    0.00    0.51 ^ input1/A (sky130_fd_sc_hd__clkbuf_1)
                  0.06    0.09    0.60 ^ input1/X (sky130_fd_sc_hd__clkbuf_1)
     1    0.00                           net1 (net)
                  0.06    0.00    0.60 ^ hold3/A (sky130_fd_sc_hd__buf_1)
                  0.07    0.11    0.71 ^ hold3/X (sky130_fd_sc_hd__buf_1)
     1    0.00                           net29 (net)
                  0.07    0.00    0.71 ^ hold1/A (sky130_fd_sc_hd__dlygate4sd3_1)
                  0.18    0.67    1.38 ^ hold1/X (sky130_fd_sc_hd__dlygate4sd3_1)
     3    0.02                           net33 (net)
                  0.18    0.00    1.38 ^ fanout24/A (sky130_fd_sc_hd__clkbuf_4)
                  0.14    0.26    1.65 ^ fanout24/X (sky130_fd_sc_hd__clkbuf_4)
     7    0.04                           net24 (net)
                  0.14    0.00    1.65 ^ _275_/RESET_B (sky130_fd_sc_hd__dfrtp_1)
                                  1.65   data arrival time

                          2.50    2.50   clock clk (rise edge)
                          0.00    2.50   clock source latency
                  0.09    0.06    2.56 ^ clk (in)
     1    0.02                           clk (net)
                  0.09    0.00    2.56 ^ clkbuf_0_clk/A (sky130_fd_sc_hd__clkbuf_16)
                  0.06    0.15    2.71 ^ clkbuf_0_clk/X (sky130_fd_sc_hd__clkbuf_16)
     4    0.04                           clknet_0_clk (net)
                  0.06    0.00    2.71 ^ clkbuf_2_2__f_clk/A (sky130_fd_sc_hd__clkbuf_16)
                  0.05    0.13    2.84 ^ clkbuf_2_2__f_clk/X (sky130_fd_sc_hd__clkbuf_16)
    11    0.03                           clknet_2_2__leaf_clk (net)
                  0.05    0.00    2.84 ^ _275_/CLK (sky130_fd_sc_hd__dfrtp_1)
                         -0.25    2.59   clock uncertainty
                          0.00    2.59   clock reconvergence pessimism
                          0.21    2.80   library recovery time
                                  2.80   data required time
-----------------------------------------------------------------------------
                                  2.80   data required time
                                 -1.65   data arrival time
-----------------------------------------------------------------------------
                                  1.15   slack (MET)


Startpoint: rst_n (input port clocked by clk)
Endpoint: _276_ (recovery check against rising-edge clock clk)
Path Group: asynchronous
Path Type: max

Fanout     Cap    Slew   Delay    Time   Description
-----------------------------------------------------------------------------
                          0.00    0.00   clock clk (rise edge)
                          0.00    0.00   clock network delay (propagated)
                          0.50    0.50 ^ input external delay
                  0.02    0.01    0.51 ^ rst_n (in)
     1    0.00                           rst_n (net)
                  0.02    0.00    0.51 ^ input1/A (sky130_fd_sc_hd__clkbuf_1)
                  0.06    0.09    0.60 ^ input1/X (sky130_fd_sc_hd__clkbuf_1)
     1    0.00                           net1 (net)
                  0.06    0.00    0.60 ^ hold3/A (sky130_fd_sc_hd__buf_1)
                  0.07    0.11    0.71 ^ hold3/X (sky130_fd_sc_hd__buf_1)
     1    0.00                           net29 (net)
                  0.07    0.00    0.71 ^ hold1/A (sky130_fd_sc_hd__dlygate4sd3_1)
                  0.18    0.67    1.38 ^ hold1/X (sky130_fd_sc_hd__dlygate4sd3_1)
     3    0.02                           net33 (net)
                  0.18    0.00    1.38 ^ fanout24/A (sky130_fd_sc_hd__clkbuf_4)
                  0.14    0.26    1.65 ^ fanout24/X (sky130_fd_sc_hd__clkbuf_4)
     7    0.04                           net24 (net)
                  0.14    0.00    1.65 ^ _276_/RESET_B (sky130_fd_sc_hd__dfrtp_1)
                                  1.65   data arrival time

                          2.50    2.50   clock clk (rise edge)
                          0.00    2.50   clock source latency
                  0.09    0.06    2.56 ^ clk (in)
     1    0.02                           clk (net)
                  0.09    0.00    2.56 ^ clkbuf_0_clk/A (sky130_fd_sc_hd__clkbuf_16)
                  0.06    0.15    2.71 ^ clkbuf_0_clk/X (sky130_fd_sc_hd__clkbuf_16)
     4    0.04                           clknet_0_clk (net)
                  0.06    0.00    2.71 ^ clkbuf_2_2__f_clk/A (sky130_fd_sc_hd__clkbuf_16)
                  0.05    0.13    2.84 ^ clkbuf_2_2__f_clk/X (sky130_fd_sc_hd__clkbuf_16)
    11    0.03                           clknet_2_2__leaf_clk (net)
                  0.05    0.00    2.84 ^ _276_/CLK (sky130_fd_sc_hd__dfrtp_1)
                         -0.25    2.59   clock uncertainty
                          0.00    2.59   clock reconvergence pessimism
                          0.21    2.80   library recovery time
                                  2.80   data required time
-----------------------------------------------------------------------------
                                  2.80   data required time
                                 -1.65   data arrival time
-----------------------------------------------------------------------------
                                  1.15   slack (MET)


Startpoint: rst_n (input port clocked by clk)
Endpoint: _296_ (recovery check against rising-edge clock clk)
Path Group: asynchronous
Path Type: max

Fanout     Cap    Slew   Delay    Time   Description
-----------------------------------------------------------------------------
                          0.00    0.00   clock clk (rise edge)
                          0.00    0.00   clock network delay (propagated)
                          0.50    0.50 ^ input external delay
                  0.02    0.01    0.51 ^ rst_n (in)
     1    0.00                           rst_n (net)
                  0.02    0.00    0.51 ^ input1/A (sky130_fd_sc_hd__clkbuf_1)
                  0.06    0.09    0.60 ^ input1/X (sky130_fd_sc_hd__clkbuf_1)
     1    0.00                           net1 (net)
                  0.06    0.00    0.60 ^ hold3/A (sky130_fd_sc_hd__buf_1)
                  0.07    0.11    0.71 ^ hold3/X (sky130_fd_sc_hd__buf_1)
     1    0.00                           net29 (net)
                  0.07    0.00    0.71 ^ hold1/A (sky130_fd_sc_hd__dlygate4sd3_1)
                  0.18    0.67    1.38 ^ hold1/X (sky130_fd_sc_hd__dlygate4sd3_1)
     3    0.02                           net33 (net)
                  0.18    0.00    1.38 ^ fanout24/A (sky130_fd_sc_hd__clkbuf_4)
                  0.14    0.26    1.65 ^ fanout24/X (sky130_fd_sc_hd__clkbuf_4)
     7    0.04                           net24 (net)
                  0.14    0.00    1.65 ^ _296_/RESET_B (sky130_fd_sc_hd__dfrtp_1)
                                  1.65   data arrival time

                          2.50    2.50   clock clk (rise edge)
                          0.00    2.50   clock source latency
                  0.09    0.06    2.56 ^ clk (in)
     1    0.02                           clk (net)
                  0.09    0.00    2.56 ^ clkbuf_0_clk/A (sky130_fd_sc_hd__clkbuf_16)
                  0.06    0.15    2.71 ^ clkbuf_0_clk/X (sky130_fd_sc_hd__clkbuf_16)
     4    0.04                           clknet_0_clk (net)
                  0.06    0.00    2.71 ^ clkbuf_2_2__f_clk/A (sky130_fd_sc_hd__clkbuf_16)
                  0.05    0.13    2.84 ^ clkbuf_2_2__f_clk/X (sky130_fd_sc_hd__clkbuf_16)
    11    0.03                           clknet_2_2__leaf_clk (net)
                  0.05    0.00    2.84 ^ _296_/CLK (sky130_fd_sc_hd__dfrtp_1)
                         -0.25    2.59   clock uncertainty
                          0.00    2.59   clock reconvergence pessimism
                          0.21    2.80   library recovery time
                                  2.80   data required time
-----------------------------------------------------------------------------
                                  2.80   data required time
                                 -1.65   data arrival time
-----------------------------------------------------------------------------
                                  1.15   slack (MET)



